{"type":"FeatureCollection","features":[{"type":"Feature","properties":{"st_nm":"Andaman and Nicobar"},"geometry":{"type":"MultiPolygon","coordinates":[[[[93.788,6.853],[93.79,6.852],[93.791,6.851],[93.788,6.849],[93.786,6.848],[93.785,6.85],[93.787,6.852],[93.788,6.853]]],[[[93.72,7.208],[93.712,7.209],[93.707,7.225],[93.709,7.231],[93.713,7.225],[93.719,7.215],[93.72,7.209],[93.72,7.208]]],[[[93.848,7.24],[93.846,7.218],[93.883,7.204],[93.888,7.086],[93.948,6.999],[93.914,7.0],[93.946,6.956],[93.897,6.902],[93.902,6.813],[93.883,6.793],[93.851,6.816],[93.828,6.754],[93.805,6.765],[93.816,6.816],[93.787,6.831],[93.745,6.962],[93.694,7.015],[93.663,7.007],[93.657,7.1],[93.675,7.113],[93.656,7.125],[93.686,7.19],[93.734,7.187],[93.761,7.214],[93.803,7.201],[93.807,7.234],[93.848,7.24]]],[[[93.849,7.29],[93.847,7.287],[93.845,7.286],[93.844,7.288],[93.845,7.288],[93.847,7.29],[93.849,7.29],[93.849,7.29]]],[[[93.664,7.384],[93.664,7.384],[93.666,7.384],[93.665,7.383],[93.664,7.383],[93.663,7.383],[93.662,7.384],[93.664,7.384]]],[[[93.769,7.402],[93.772,7.398],[93.77,7.394],[93.766,7.394],[93.763,7.397],[93.767,7.403],[93.769,7.402]]],[[[93.689,7.41],[93.692,7.408],[93.693,7.403],[93.694,7.398],[93.688,7.397],[93.684,7.404],[93.688,7.409],[93.689,7.41]]],[[[93.713,7.444],[93.756,7.36],[93.648,7.242],[93.621,7.308],[93.632,7.371],[93.714,7.393],[93.713,7.444]]],[[[93.648,7.477],[93.653,7.473],[93.651,7.47],[93.647,7.471],[93.644,7.471],[93.645,7.475],[93.648,7.477]]],[[[93.634,7.478],[93.634,7.477],[93.633,7.476],[93.631,7.478],[93.63,7.479],[93.631,7.48],[93.634,7.478],[93.634,7.478]]],[[[93.544,7.525],[93.55,7.518],[93.543,7.511],[93.541,7.513],[93.541,7.519],[93.541,7.523],[93.542,7.524],[93.544,7.525]]],[[[93.342,7.906],[93.342,7.906],[93.343,7.905],[93.342,7.904],[93.34,7.905],[93.341,7.905],[93.341,7.906],[93.342,7.906],[93.342,7.906]]],[[[93.34,7.911],[93.34,7.91],[93.34,7.909],[93.34,7.909],[93.339,7.909],[93.339,7.911],[93.34,7.911],[93.34,7.911]]],[[[93.38,8.025],[93.41,8.007],[93.412,7.962],[93.465,7.93],[93.462,7.872],[93.423,7.907],[93.356,7.889],[93.358,7.942],[93.317,7.934],[93.327,8.002],[93.38,8.025]]],[[[93.547,8.028],[93.583,7.992],[93.577,7.928],[93.507,7.985],[93.533,8.025],[93.551,7.996],[93.547,8.028]]],[[[93.579,8.125],[93.593,8.038],[93.561,8.118],[93.579,8.125]]],[[[93.526,8.231],[93.545,8.198],[93.503,8.148],[93.548,8.088],[93.55,8.036],[93.508,8.034],[93.501,7.997],[93.485,8.044],[93.506,8.041],[93.511,8.068],[93.518,8.047],[93.53,8.079],[93.485,8.052],[93.454,8.174],[93.526,8.231]]],[[[93.235,8.266],[93.239,8.221],[93.22,8.245],[93.235,8.266]]],[[[93.126,8.356],[93.143,8.347],[93.126,8.276],[93.205,8.216],[93.199,8.194],[93.121,8.223],[93.087,8.269],[93.095,8.339],[93.126,8.356]]],[[[93.652,8.394],[93.657,8.391],[93.653,8.388],[93.65,8.39],[93.646,8.392],[93.645,8.394],[93.651,8.395],[93.652,8.394]]],[[[93.635,8.395],[93.634,8.396],[93.633,8.397],[93.634,8.398],[93.635,8.397],[93.636,8.396],[93.635,8.395],[93.635,8.395]]],[[[93.044,8.473],[93.058,8.439],[93.035,8.449],[93.044,8.473]]],[[[93.612,8.485],[93.611,8.485],[93.611,8.486],[93.612,8.486],[93.613,8.486],[93.613,8.486],[93.614,8.485],[93.613,8.485],[93.612,8.485]]],[[[93.616,8.574],[93.642,8.469],[93.623,8.422],[93.616,8.574]]],[[[93.609,8.582],[93.609,8.58],[93.609,8.579],[93.607,8.579],[93.607,8.581],[93.607,8.582],[93.608,8.582],[93.609,8.582],[93.609,8.582]]],[[[92.859,8.82],[92.853,8.821],[92.853,8.829],[92.858,8.837],[92.863,8.833],[92.863,8.826],[92.859,8.82]]],[[[92.793,9.119],[92.794,9.118],[92.796,9.118],[92.799,9.119],[92.798,9.118],[92.792,9.118],[92.793,9.119],[92.793,9.119],[92.793,9.119]]],[[[92.804,9.121],[92.804,9.12],[92.803,9.119],[92.801,9.119],[92.8,9.119],[92.802,9.119],[92.804,9.12],[92.804,9.121]]],[[[92.814,9.127],[92.815,9.126],[92.814,9.126],[92.813,9.125],[92.812,9.124],[92.813,9.126],[92.814,9.127],[92.814,9.127]]],[[[92.788,9.244],[92.824,9.196],[92.854,9.209],[92.826,9.192],[92.831,9.139],[92.789,9.117],[92.732,9.124],[92.721,9.214],[92.767,9.215],[92.774,9.256],[92.788,9.244]]],[[[92.516,10.898],[92.53,10.865],[92.532,10.885],[92.558,10.863],[92.56,10.801],[92.588,10.787],[92.597,10.678],[92.54,10.611],[92.569,10.579],[92.513,10.512],[92.435,10.548],[92.385,10.532],[92.421,10.615],[92.38,10.667],[92.376,10.782],[92.397,10.761],[92.457,10.861],[92.5,10.891],[92.511,10.869],[92.516,10.898]]],[[[92.609,10.939],[92.616,10.935],[92.62,10.931],[92.617,10.927],[92.612,10.928],[92.608,10.933],[92.608,10.938],[92.609,10.939]]],[[[92.227,10.982],[92.229,10.979],[92.224,10.974],[92.218,10.973],[92.215,10.977],[92.221,10.983],[92.227,10.982]]],[[[92.663,10.982],[92.659,10.984],[92.659,10.987],[92.661,10.992],[92.666,10.993],[92.67,10.987],[92.666,10.983],[92.663,10.982]]],[[[92.726,11.144],[92.726,11.143],[92.725,11.141],[92.724,11.141],[92.722,11.142],[92.723,11.144],[92.725,11.144],[92.726,11.144]]],[[[92.732,11.15],[92.734,11.147],[92.734,11.145],[92.731,11.142],[92.728,11.144],[92.727,11.146],[92.732,11.15],[92.732,11.15]]],[[[92.677,11.184],[92.681,11.181],[92.676,11.178],[92.675,11.182],[92.673,11.185],[92.676,11.189],[92.676,11.185],[92.677,11.184]]],[[[92.706,11.289],[92.706,11.271],[92.695,11.251],[92.688,11.244],[92.697,11.262],[92.692,11.28],[92.706,11.289]]],[[[92.701,11.311],[92.706,11.308],[92.711,11.308],[92.711,11.302],[92.704,11.307],[92.698,11.309],[92.701,11.311]]],[[[92.723,11.316],[92.717,11.312],[92.714,11.313],[92.714,11.321],[92.717,11.328],[92.724,11.329],[92.723,11.316],[92.723,11.316]]],[[[92.548,11.393],[92.546,11.394],[92.547,11.397],[92.549,11.397],[92.551,11.397],[92.551,11.395],[92.548,11.393],[92.548,11.393]]],[[[92.558,11.391],[92.556,11.393],[92.558,11.397],[92.562,11.397],[92.563,11.394],[92.56,11.392],[92.558,11.391]]],[[[92.673,11.488],[92.673,11.487],[92.671,11.487],[92.67,11.488],[92.671,11.489],[92.672,11.489],[92.673,11.489],[92.673,11.488],[92.673,11.488]]],[[[92.61,11.504],[92.609,11.506],[92.611,11.508],[92.614,11.511],[92.616,11.511],[92.614,11.508],[92.612,11.505],[92.61,11.504]]],[[[92.644,11.513],[92.644,11.513],[92.644,11.514],[92.645,11.516],[92.646,11.515],[92.646,11.514],[92.645,11.513],[92.644,11.513]]],[[[92.641,11.51],[92.686,11.437],[92.649,11.407],[92.691,11.37],[92.6,11.347],[92.587,11.4],[92.623,11.405],[92.614,11.474],[92.641,11.51]]],[[[92.272,11.516],[92.271,11.516],[92.27,11.517],[92.272,11.518],[92.272,11.518],[92.274,11.518],[92.272,11.516],[92.272,11.516]]],[[[92.605,11.535],[92.606,11.533],[92.607,11.523],[92.603,11.524],[92.601,11.531],[92.602,11.537],[92.604,11.536],[92.605,11.535]]],[[[92.56,11.538],[92.566,11.529],[92.568,11.52],[92.561,11.52],[92.554,11.528],[92.554,11.538],[92.56,11.538]]],[[[92.628,11.542],[92.627,11.544],[92.627,11.547],[92.628,11.549],[92.63,11.547],[92.629,11.544],[92.628,11.542],[92.628,11.542]]],[[[92.61,11.559],[92.618,11.56],[92.619,11.543],[92.61,11.534],[92.605,11.55],[92.61,11.555],[92.609,11.561],[92.61,11.559]]],[[[92.575,11.563],[92.573,11.564],[92.576,11.57],[92.577,11.569],[92.576,11.566],[92.575,11.565],[92.575,11.563],[92.575,11.563]]],[[[92.568,11.571],[92.567,11.57],[92.567,11.569],[92.565,11.568],[92.565,11.569],[92.565,11.57],[92.566,11.571],[92.568,11.571],[92.568,11.571]]],[[[92.597,11.542],[92.584,11.534],[92.592,11.577],[92.597,11.542]]],[[[92.578,11.582],[92.578,11.583],[92.577,11.585],[92.579,11.585],[92.579,11.584],[92.58,11.583],[92.579,11.583],[92.578,11.582],[92.578,11.582]]],[[[92.611,11.588],[92.618,11.58],[92.617,11.566],[92.61,11.568],[92.603,11.567],[92.601,11.581],[92.609,11.588],[92.611,11.588]]],[[[92.219,11.592],[92.271,11.584],[92.27,11.523],[92.215,11.529],[92.219,11.592]]],[[[92.54,11.603],[92.569,11.588],[92.53,11.554],[92.54,11.603]]],[[[92.7,11.664],[92.701,11.662],[92.7,11.659],[92.697,11.659],[92.693,11.661],[92.695,11.663],[92.698,11.664],[92.7,11.664]]],[[[92.762,11.67],[92.761,11.675],[92.762,11.678],[92.766,11.681],[92.766,11.677],[92.764,11.674],[92.763,11.67],[92.762,11.67]]],[[[92.725,11.689],[92.726,11.688],[92.726,11.687],[92.724,11.687],[92.722,11.688],[92.723,11.69],[92.725,11.689],[92.725,11.689]]],[[[92.551,11.721],[92.55,11.722],[92.55,11.723],[92.55,11.725],[92.552,11.725],[92.551,11.724],[92.551,11.723],[92.551,11.721],[92.551,11.721]]],[[[93.083,11.78],[93.079,11.78],[93.079,11.784],[93.08,11.788],[93.085,11.789],[93.086,11.785],[93.084,11.781],[93.083,11.78]]],[[[93.021,11.843],[93.072,11.836],[93.05,11.812],[93.021,11.843]]],[[[92.597,11.905],[92.596,11.91],[92.596,11.916],[92.602,11.919],[92.6,11.913],[92.6,11.909],[92.597,11.906],[92.597,11.905]]],[[[92.566,11.95],[92.568,11.949],[92.57,11.946],[92.568,11.944],[92.565,11.946],[92.563,11.947],[92.565,11.95],[92.566,11.95]]],[[[92.732,11.954],[92.73,11.947],[92.728,11.942],[92.724,11.947],[92.724,11.951],[92.728,11.957],[92.733,11.956],[92.732,11.954]]],[[[92.743,11.965],[92.742,11.965],[92.742,11.967],[92.744,11.967],[92.745,11.967],[92.744,11.965],[92.743,11.965]]],[[[92.75,11.968],[92.767,11.956],[92.746,11.945],[92.75,11.968]]],[[[92.596,11.976],[92.603,11.963],[92.609,11.943],[92.597,11.93],[92.596,11.95],[92.595,11.968],[92.596,11.977],[92.596,11.976]]],[[[92.583,11.976],[92.581,11.977],[92.582,11.981],[92.584,11.983],[92.585,11.981],[92.585,11.978],[92.584,11.976],[92.583,11.976]]],[[[92.776,12.018],[92.776,12.015],[92.774,12.013],[92.771,12.014],[92.771,12.017],[92.774,12.017],[92.775,12.018],[92.776,12.018]]],[[[92.97,12.034],[93.009,12.019],[93.054,11.903],[93.043,11.882],[93.0,11.95],[92.974,11.948],[92.926,11.996],[92.965,12.05],[92.97,12.034]]],[[[92.97,12.064],[92.97,12.064],[92.969,12.065],[92.97,12.065],[92.971,12.065],[92.971,12.064],[92.97,12.064],[92.97,12.064]]],[[[92.991,12.109],[92.993,12.044],[92.96,12.106],[92.991,12.109]]],[[[92.994,12.11],[92.993,12.11],[92.992,12.111],[92.992,12.112],[92.993,12.112],[92.994,12.111],[92.994,12.11],[92.994,12.11]]],[[[92.743,12.115],[92.742,12.111],[92.741,12.109],[92.74,12.107],[92.739,12.109],[92.74,12.112],[92.741,12.114],[92.743,12.115]]],[[[92.949,12.116],[92.954,12.108],[92.958,12.098],[92.952,12.087],[92.95,12.088],[92.949,12.101],[92.949,12.113],[92.949,12.116]]],[[[92.629,12.112],[92.628,12.113],[92.629,12.114],[92.629,12.116],[92.63,12.117],[92.63,12.115],[92.63,12.113],[92.629,12.112]]],[[[92.631,12.118],[92.63,12.118],[92.63,12.119],[92.63,12.12],[92.631,12.12],[92.632,12.12],[92.631,12.119],[92.631,12.118],[92.631,12.118]]],[[[93.098,12.137],[93.099,12.136],[93.098,12.135],[93.098,12.134],[93.097,12.134],[93.096,12.135],[93.097,12.137],[93.098,12.137]]],[[[93.121,12.148],[93.122,12.145],[93.123,12.14],[93.117,12.133],[93.112,12.137],[93.111,12.144],[93.12,12.148],[93.121,12.148]]],[[[92.846,12.148],[92.844,12.148],[92.845,12.15],[92.846,12.151],[92.847,12.15],[92.846,12.149],[92.846,12.148]]],[[[93.028,12.157],[93.046,12.045],[92.956,12.142],[92.985,12.148],[93.004,12.113],[93.028,12.157]]],[[[92.759,12.181],[92.763,12.177],[92.761,12.172],[92.76,12.168],[92.76,12.171],[92.759,12.177],[92.757,12.181],[92.759,12.181]]],[[[92.72,12.18],[92.72,12.179],[92.719,12.18],[92.719,12.18],[92.72,12.182],[92.721,12.182],[92.72,12.181],[92.72,12.18]]],[[[92.731,12.188],[92.731,12.186],[92.73,12.182],[92.726,12.185],[92.727,12.187],[92.728,12.189],[92.731,12.189],[92.731,12.188]]],[[[93.069,12.211],[93.095,12.142],[93.075,12.084],[93.037,12.133],[93.069,12.211]]],[[[92.683,12.215],[92.681,12.216],[92.68,12.219],[92.681,12.222],[92.683,12.224],[92.683,12.22],[92.683,12.217],[92.683,12.215]]],[[[93.02,12.225],[93.021,12.225],[93.022,12.224],[93.021,12.223],[93.02,12.223],[93.02,12.223],[93.02,12.224],[93.02,12.225],[93.02,12.225]]],[[[92.939,12.224],[92.938,12.212],[92.936,12.205],[92.933,12.199],[92.925,12.209],[92.928,12.222],[92.938,12.225],[92.939,12.224]]],[[[92.701,12.236],[92.704,12.165],[92.757,12.176],[92.735,12.065],[92.784,12.047],[92.762,12.021],[92.739,12.041],[92.737,12.016],[92.769,11.999],[92.748,11.978],[92.728,11.995],[92.724,11.851],[92.707,11.816],[92.68,11.819],[92.718,11.825],[92.746,11.932],[92.784,11.936],[92.789,11.901],[92.755,11.701],[92.702,11.707],[92.708,11.67],[92.666,11.654],[92.695,11.623],[92.695,11.653],[92.73,11.659],[92.721,11.686],[92.757,11.665],[92.711,11.477],[92.699,11.507],[92.647,11.522],[92.647,11.572],[92.618,11.563],[92.608,11.62],[92.636,11.616],[92.644,11.636],[92.632,11.651],[92.631,11.628],[92.608,11.634],[92.588,11.718],[92.562,11.695],[92.546,11.835],[92.523,11.826],[92.514,11.848],[92.562,11.946],[92.611,11.871],[92.624,12.103],[92.662,12.216],[92.655,12.182],[92.701,12.236]]],[[[92.731,12.242],[92.733,12.21],[92.74,12.236],[92.762,12.229],[92.764,12.182],[92.723,12.189],[92.731,12.242]]],[[[92.881,12.25],[92.882,12.249],[92.88,12.246],[92.88,12.248],[92.879,12.249],[92.88,12.25],[92.881,12.25],[92.881,12.25]]],[[[92.866,12.236],[92.863,12.24],[92.862,12.247],[92.866,12.251],[92.869,12.247],[92.867,12.242],[92.867,12.237],[92.866,12.236]]],[[[92.699,12.245],[92.697,12.246],[92.696,12.248],[92.697,12.251],[92.699,12.25],[92.699,12.248],[92.699,12.245],[92.699,12.245]]],[[[92.902,12.256],[92.913,12.223],[92.892,12.234],[92.879,12.208],[92.871,12.245],[92.902,12.256]]],[[[93.078,12.262],[93.087,12.237],[93.106,12.26],[93.101,12.204],[93.063,12.229],[93.078,12.262]]],[[[92.901,12.262],[92.901,12.259],[92.9,12.259],[92.899,12.26],[92.9,12.261],[92.9,12.262],[92.901,12.262],[92.901,12.262]]],[[[92.738,12.271],[92.737,12.27],[92.735,12.27],[92.736,12.272],[92.738,12.275],[92.739,12.275],[92.738,12.272],[92.738,12.271]]],[[[93.03,12.28],[93.029,12.277],[93.027,12.273],[93.024,12.274],[93.023,12.276],[93.026,12.278],[93.029,12.28],[93.03,12.28]]],[[[92.75,12.288],[92.746,12.274],[92.743,12.258],[92.735,12.255],[92.74,12.273],[92.741,12.279],[92.749,12.289],[92.75,12.288]]],[[[92.737,12.285],[92.736,12.282],[92.736,12.285],[92.736,12.289],[92.737,12.291],[92.738,12.289],[92.737,12.285],[92.737,12.285]]],[[[92.767,12.27],[92.761,12.27],[92.753,12.278],[92.758,12.286],[92.766,12.292],[92.768,12.283],[92.767,12.271],[92.767,12.27]]],[[[92.754,12.295],[92.755,12.294],[92.753,12.292],[92.753,12.292],[92.753,12.293],[92.753,12.294],[92.753,12.295],[92.754,12.295]]],[[[92.771,12.295],[92.771,12.291],[92.769,12.289],[92.767,12.289],[92.768,12.291],[92.769,12.293],[92.77,12.295],[92.771,12.295]]],[[[92.878,12.294],[92.877,12.294],[92.877,12.296],[92.879,12.297],[92.88,12.298],[92.881,12.296],[92.88,12.295],[92.878,12.294],[92.878,12.294]]],[[[92.711,12.296],[92.72,12.283],[92.716,12.261],[92.713,12.236],[92.704,12.252],[92.704,12.279],[92.711,12.296]]],[[[92.766,12.299],[92.766,12.298],[92.765,12.297],[92.764,12.297],[92.763,12.298],[92.764,12.299],[92.766,12.299],[92.766,12.299]]],[[[92.941,12.281],[92.922,12.231],[92.901,12.288],[92.927,12.281],[92.934,12.311],[92.941,12.281]]],[[[92.777,12.31],[92.866,12.306],[92.889,12.266],[92.859,12.246],[92.881,12.195],[92.847,12.198],[92.851,12.157],[92.823,12.165],[92.812,12.107],[92.765,12.063],[92.739,12.095],[92.77,12.237],[92.742,12.246],[92.782,12.285],[92.777,12.31]]],[[[93.073,12.319],[93.073,12.315],[93.069,12.316],[93.065,12.316],[93.064,12.317],[93.068,12.319],[93.072,12.319],[93.073,12.319]]],[[[93.84,12.321],[93.875,12.288],[93.881,12.237],[93.863,12.266],[93.862,12.234],[93.832,12.241],[93.85,12.269],[93.827,12.245],[93.815,12.285],[93.824,12.307],[93.851,12.287],[93.84,12.321]]],[[[92.913,12.332],[92.912,12.332],[92.911,12.333],[92.911,12.335],[92.913,12.334],[92.913,12.334],[92.913,12.332],[92.913,12.332]]],[[[92.906,12.339],[92.905,12.338],[92.905,12.339],[92.905,12.341],[92.906,12.341],[92.906,12.34],[92.907,12.339],[92.906,12.339],[92.906,12.339]]],[[[92.912,12.338],[92.909,12.342],[92.909,12.348],[92.913,12.354],[92.919,12.352],[92.916,12.345],[92.912,12.34],[92.912,12.338]]],[[[92.897,12.392],[92.896,12.392],[92.895,12.393],[92.896,12.394],[92.896,12.395],[92.897,12.395],[92.898,12.394],[92.898,12.393],[92.897,12.392],[92.897,12.392]]],[[[92.853,12.409],[92.889,12.408],[92.884,12.374],[92.844,12.395],[92.853,12.409]]],[[[92.899,12.408],[92.899,12.408],[92.899,12.408],[92.897,12.409],[92.897,12.411],[92.898,12.411],[92.899,12.411],[92.899,12.408],[92.899,12.408],[92.899,12.408]]],[[[92.889,12.413],[92.889,12.413],[92.888,12.413],[92.888,12.414],[92.889,12.414],[92.889,12.414],[92.889,12.413],[92.889,12.413]]],[[[92.866,12.421],[92.869,12.416],[92.866,12.413],[92.862,12.413],[92.86,12.417],[92.862,12.419],[92.865,12.421],[92.866,12.421]]],[[[92.903,12.42],[92.901,12.421],[92.899,12.423],[92.9,12.425],[92.902,12.426],[92.904,12.424],[92.904,12.422],[92.903,12.42]]],[[[92.832,12.427],[92.841,12.423],[92.846,12.417],[92.844,12.415],[92.836,12.416],[92.83,12.422],[92.832,12.427]]],[[[92.955,12.415],[92.919,12.365],[92.956,12.435],[92.955,12.415]]],[[[92.875,12.445],[92.876,12.445],[92.876,12.444],[92.875,12.444],[92.874,12.445],[92.875,12.445],[92.875,12.445]]],[[[92.679,12.541],[92.683,12.536],[92.68,12.528],[92.677,12.523],[92.67,12.53],[92.671,12.539],[92.679,12.541],[92.679,12.541]]],[[[92.702,12.638],[92.702,12.638],[92.701,12.639],[92.701,12.64],[92.702,12.641],[92.703,12.64],[92.703,12.639],[92.703,12.638],[92.702,12.638]]],[[[92.731,12.703],[92.731,12.703],[92.731,12.703],[92.731,12.705],[92.732,12.704],[92.732,12.703],[92.733,12.703],[92.731,12.703]]],[[[92.724,12.737],[92.728,12.733],[92.729,12.729],[92.727,12.727],[92.725,12.732],[92.725,12.734],[92.724,12.737],[92.724,12.737]]],[[[92.727,12.751],[92.726,12.752],[92.725,12.752],[92.725,12.754],[92.726,12.754],[92.727,12.753],[92.727,12.752],[92.727,12.751]]],[[[92.656,12.769],[92.655,12.769],[92.654,12.771],[92.655,12.773],[92.657,12.774],[92.657,12.773],[92.656,12.771],[92.656,12.769],[92.656,12.769]]],[[[92.717,12.775],[92.716,12.775],[92.716,12.777],[92.716,12.777],[92.718,12.776],[92.717,12.775],[92.717,12.775]]],[[[92.725,12.762],[92.719,12.774],[92.718,12.782],[92.719,12.786],[92.722,12.779],[92.724,12.77],[92.725,12.762],[92.725,12.762]]],[[[92.716,12.797],[92.717,12.797],[92.716,12.796],[92.716,12.795],[92.715,12.796],[92.715,12.797],[92.716,12.797],[92.716,12.797]]],[[[92.717,12.801],[92.717,12.8],[92.717,12.798],[92.716,12.799],[92.716,12.801],[92.716,12.801],[92.717,12.801],[92.717,12.801]]],[[[92.718,12.803],[92.717,12.803],[92.716,12.803],[92.716,12.803],[92.716,12.803],[92.716,12.804],[92.716,12.804],[92.717,12.804],[92.718,12.804],[92.718,12.803],[92.718,12.803]]],[[[92.711,12.829],[92.718,12.719],[92.695,12.797],[92.711,12.829]]],[[[92.728,12.836],[92.727,12.835],[92.726,12.832],[92.725,12.833],[92.725,12.835],[92.726,12.838],[92.728,12.836],[92.728,12.836]]],[[[92.732,12.856],[92.731,12.856],[92.731,12.855],[92.731,12.855],[92.73,12.855],[92.729,12.855],[92.73,12.856],[92.732,12.856]]],[[[92.729,12.864],[92.725,12.85],[92.719,12.837],[92.708,12.837],[92.713,12.844],[92.718,12.858],[92.726,12.865],[92.729,12.864]]],[[[92.779,12.865],[92.778,12.865],[92.776,12.865],[92.776,12.866],[92.777,12.866],[92.778,12.867],[92.779,12.866],[92.779,12.865],[92.779,12.865]]],[[[92.765,12.855],[92.763,12.86],[92.761,12.867],[92.765,12.871],[92.766,12.869],[92.766,12.862],[92.766,12.855],[92.765,12.855]]],[[[92.76,12.878],[92.76,12.878],[92.759,12.877],[92.757,12.876],[92.758,12.878],[92.758,12.878],[92.76,12.878]]],[[[92.786,12.893],[92.79,12.892],[92.791,12.888],[92.788,12.883],[92.784,12.883],[92.782,12.889],[92.784,12.893],[92.786,12.893]]],[[[92.894,12.899],[92.894,12.898],[92.892,12.897],[92.892,12.898],[92.892,12.9],[92.893,12.899],[92.894,12.899],[92.894,12.899]]],[[[92.755,12.913],[92.757,12.9],[92.753,12.891],[92.749,12.896],[92.754,12.894],[92.754,12.901],[92.755,12.912],[92.755,12.913]]],[[[92.865,12.912],[92.864,12.912],[92.864,12.913],[92.863,12.914],[92.863,12.914],[92.864,12.914],[92.865,12.914],[92.865,12.914],[92.865,12.913],[92.865,12.913],[92.865,12.912],[92.865,12.912]]],[[[92.795,12.911],[92.793,12.892],[92.774,12.906],[92.795,12.911]]],[[[92.913,12.917],[92.911,12.914],[92.91,12.913],[92.909,12.914],[92.911,12.915],[92.911,12.917],[92.913,12.917],[92.913,12.917]]],[[[92.768,12.918],[92.768,12.916],[92.768,12.916],[92.768,12.917],[92.767,12.917],[92.767,12.917],[92.767,12.917],[92.767,12.918],[92.768,12.918],[92.768,12.918],[92.768,12.918]]],[[[92.935,12.918],[92.937,12.917],[92.936,12.913],[92.934,12.913],[92.932,12.916],[92.933,12.919],[92.935,12.918],[92.935,12.918]]],[[[92.767,12.925],[92.767,12.923],[92.767,12.92],[92.765,12.918],[92.763,12.919],[92.763,12.922],[92.766,12.924],[92.767,12.925]]],[[[92.899,12.916],[92.922,12.912],[92.905,12.885],[92.928,12.884],[92.954,12.807],[92.934,12.774],[92.981,12.71],[92.957,12.623],[92.968,12.497],[92.932,12.481],[92.958,12.468],[92.915,12.444],[92.915,12.406],[92.835,12.495],[92.899,12.416],[92.797,12.438],[92.791,12.47],[92.794,12.438],[92.83,12.428],[92.895,12.32],[92.72,12.3],[92.699,12.328],[92.707,12.597],[92.684,12.608],[92.753,12.671],[92.777,12.667],[92.785,12.619],[92.789,12.674],[92.779,12.713],[92.769,12.672],[92.733,12.674],[92.746,12.722],[92.724,12.827],[92.738,12.81],[92.761,12.859],[92.782,12.807],[92.769,12.862],[92.781,12.848],[92.792,12.89],[92.874,12.881],[92.899,12.916]]],[[[92.774,12.931],[92.775,12.923],[92.773,12.919],[92.771,12.921],[92.77,12.923],[92.77,12.928],[92.774,12.931],[92.774,12.931]]],[[[92.877,12.932],[92.886,12.925],[92.876,12.927],[92.871,12.916],[92.861,12.924],[92.865,12.933],[92.877,12.933],[92.877,12.932]]],[[[92.766,12.933],[92.766,12.928],[92.763,12.926],[92.761,12.93],[92.761,12.933],[92.763,12.935],[92.766,12.933]]],[[[92.893,12.937],[92.892,12.936],[92.891,12.936],[92.89,12.935],[92.889,12.935],[92.89,12.937],[92.891,12.937],[92.891,12.938],[92.893,12.937],[92.893,12.937]]],[[[92.901,12.941],[92.902,12.94],[92.903,12.94],[92.903,12.939],[92.903,12.939],[92.901,12.941],[92.9,12.941],[92.901,12.942],[92.901,12.941]]],[[[92.672,12.948],[92.67,12.948],[92.67,12.949],[92.672,12.949],[92.673,12.949],[92.673,12.949],[92.672,12.949],[92.672,12.949],[92.672,12.948],[92.672,12.948]]],[[[92.669,12.953],[92.669,12.953],[92.67,12.952],[92.669,12.952],[92.668,12.953],[92.669,12.954],[92.669,12.953]]],[[[92.696,12.992],[92.72,12.978],[92.721,12.888],[92.701,12.841],[92.675,12.836],[92.689,12.817],[92.668,12.783],[92.648,12.861],[92.663,12.879],[92.63,12.883],[92.665,12.881],[92.671,12.912],[92.637,12.92],[92.67,12.918],[92.696,12.992]]],[[[93.007,12.997],[92.983,12.934],[92.952,12.941],[92.974,12.945],[92.96,12.989],[92.972,12.969],[93.007,12.997]]],[[[92.988,12.998],[92.988,12.998],[92.987,13.0],[92.989,13.001],[92.989,13.0],[92.989,12.998],[92.988,12.998]]],[[[92.912,13.002],[92.912,13.003],[92.911,13.005],[92.911,13.005],[92.912,13.005],[92.912,13.004],[92.913,13.003],[92.912,13.002],[92.912,13.002]]],[[[92.95,13.021],[92.948,13.023],[92.947,13.024],[92.946,13.026],[92.949,13.025],[92.949,13.024],[92.95,13.023],[92.95,13.021],[92.95,13.021]]],[[[92.926,13.024],[92.942,12.995],[92.921,13.001],[92.926,13.024]]],[[[92.919,13.04],[92.915,13.043],[92.915,13.045],[92.916,13.048],[92.918,13.046],[92.919,13.044],[92.919,13.041],[92.919,13.04]]],[[[92.934,13.049],[92.933,13.05],[92.932,13.05],[92.932,13.052],[92.932,13.052],[92.932,13.053],[92.934,13.051],[92.934,13.05],[92.934,13.049],[92.934,13.049]]],[[[92.917,13.058],[92.915,13.06],[92.913,13.062],[92.914,13.067],[92.915,13.064],[92.917,13.061],[92.917,13.058],[92.917,13.058]]],[[[92.731,13.096],[92.732,13.094],[92.731,13.093],[92.73,13.092],[92.728,13.091],[92.728,13.093],[92.731,13.096],[92.731,13.096]]],[[[92.719,13.099],[92.701,13.071],[92.696,13.095],[92.719,13.099]]],[[[92.795,13.171],[92.796,13.171],[92.798,13.168],[92.796,13.167],[92.794,13.168],[92.793,13.169],[92.794,13.171],[92.795,13.171]]],[[[93.061,13.221],[93.059,13.222],[93.058,13.224],[93.058,13.226],[93.059,13.226],[93.06,13.225],[93.061,13.222],[93.061,13.221]]],[[[93.017,13.284],[93.015,13.283],[93.015,13.284],[93.014,13.284],[93.015,13.285],[93.015,13.285],[93.017,13.284],[93.017,13.284]]],[[[93.075,13.303],[93.077,13.302],[93.079,13.3],[93.077,13.299],[93.073,13.298],[93.071,13.301],[93.075,13.303]]],[[[93.019,13.33],[93.023,13.326],[93.021,13.317],[93.022,13.312],[93.02,13.305],[93.016,13.317],[93.016,13.332],[93.019,13.33]]],[[[92.968,13.333],[92.967,13.334],[92.966,13.336],[92.968,13.338],[92.969,13.337],[92.968,13.336],[92.968,13.334],[92.968,13.333]]],[[[93.016,13.339],[93.016,13.338],[93.015,13.338],[93.014,13.338],[93.014,13.339],[93.014,13.339],[93.014,13.34],[93.016,13.34],[93.016,13.339],[93.016,13.339]]],[[[93.037,13.341],[93.037,13.341],[93.037,13.342],[93.037,13.343],[93.037,13.344],[93.038,13.344],[93.039,13.342],[93.038,13.341],[93.037,13.341]]],[[[93.077,13.365],[93.079,13.364],[93.078,13.363],[93.076,13.364],[93.074,13.365],[93.075,13.367],[93.076,13.366],[93.077,13.365]]],[[[93.083,13.367],[93.082,13.367],[93.081,13.369],[93.081,13.369],[93.082,13.37],[93.083,13.369],[93.084,13.368],[93.083,13.367],[93.083,13.367]]],[[[93.062,13.383],[93.062,13.384],[93.062,13.385],[93.063,13.386],[93.063,13.387],[93.064,13.385],[93.063,13.384],[93.062,13.383]]],[[[92.866,13.414],[92.866,13.413],[92.867,13.413],[92.868,13.412],[92.867,13.411],[92.866,13.411],[92.865,13.412],[92.865,13.413],[92.866,13.414],[92.866,13.414]]],[[[92.813,13.42],[92.817,13.418],[92.818,13.414],[92.816,13.406],[92.812,13.407],[92.813,13.417],[92.812,13.419],[92.813,13.42]]],[[[93.094,13.418],[93.095,13.416],[93.093,13.414],[93.091,13.41],[93.087,13.412],[93.09,13.419],[93.094,13.418],[93.094,13.418]]],[[[93.072,13.426],[93.071,13.42],[93.071,13.415],[93.069,13.417],[93.068,13.423],[93.072,13.431],[93.072,13.426]]],[[[93.099,13.436],[93.103,13.433],[93.104,13.431],[93.099,13.431],[93.097,13.434],[93.097,13.437],[93.099,13.436],[93.099,13.436]]],[[[92.843,13.441],[92.843,13.427],[92.83,13.419],[92.821,13.425],[92.822,13.437],[92.836,13.439],[92.843,13.443],[92.843,13.441]]],[[[94.273,13.464],[94.277,13.452],[94.268,13.435],[94.258,13.431],[94.249,13.442],[94.258,13.459],[94.273,13.465],[94.273,13.464]]],[[[92.874,13.512],[92.874,13.508],[92.872,13.502],[92.868,13.505],[92.867,13.509],[92.871,13.513],[92.874,13.512]]],[[[92.919,13.516],[92.919,13.511],[92.918,13.508],[92.915,13.507],[92.914,13.509],[92.915,13.514],[92.919,13.516],[92.919,13.516]]],[[[92.91,13.537],[92.912,13.534],[92.91,13.532],[92.908,13.53],[92.905,13.532],[92.906,13.536],[92.909,13.537],[92.91,13.537]]],[[[92.875,13.541],[92.879,13.538],[92.877,13.537],[92.876,13.536],[92.876,13.535],[92.874,13.537],[92.874,13.541],[92.875,13.541],[92.875,13.541]]],[[[93.008,13.555],[93.006,13.555],[93.006,13.557],[93.006,13.559],[93.007,13.56],[93.007,13.557],[93.008,13.555]]],[[[93.057,13.566],[93.057,13.564],[93.057,13.562],[93.055,13.561],[93.054,13.561],[93.054,13.566],[93.057,13.567],[93.057,13.566]]],[[[93.029,13.573],[93.045,13.525],[93.021,13.431],[93.071,13.406],[93.028,13.373],[93.055,13.382],[93.091,13.336],[93.066,13.303],[93.06,13.329],[93.04,13.323],[93.042,13.367],[92.987,13.329],[92.969,13.361],[92.951,13.344],[93.009,13.32],[93.012,13.277],[93.067,13.273],[93.032,13.179],[93.035,13.081],[93.004,13.029],[92.966,13.035],[92.975,13.013],[92.935,13.043],[92.937,13.085],[92.934,13.061],[92.894,13.057],[92.916,13.054],[92.902,13.022],[92.939,12.971],[92.913,12.946],[92.907,12.985],[92.882,12.983],[92.854,12.927],[92.873,12.883],[92.842,12.877],[92.794,12.914],[92.794,12.986],[92.818,12.987],[92.825,13.013],[92.788,13.019],[92.797,13.089],[92.81,13.075],[92.822,13.096],[92.81,13.127],[92.847,13.139],[92.81,13.153],[92.836,13.174],[92.819,13.184],[92.828,13.237],[92.854,13.257],[92.823,13.277],[92.842,13.302],[92.822,13.31],[92.839,13.375],[92.867,13.386],[92.843,13.402],[92.884,13.43],[92.872,13.471],[92.929,13.502],[92.918,13.536],[92.989,13.528],[92.988,13.573],[93.01,13.542],[93.029,13.573]]],[[[92.897,13.602],[92.901,13.594],[92.892,13.584],[92.886,13.574],[92.881,13.583],[92.886,13.59],[92.897,13.602],[92.897,13.602]]],[[[93.064,13.654],[93.058,13.645],[93.052,13.631],[93.048,13.621],[93.044,13.633],[93.052,13.647],[93.064,13.654],[93.064,13.654]]],[[[93.024,13.671],[93.023,13.672],[93.023,13.673],[93.023,13.673],[93.023,13.674],[93.024,13.674],[93.024,13.673],[93.024,13.671],[93.024,13.671]]],[[[93.016,13.676],[93.028,13.627],[92.977,13.655],[93.016,13.676]]],[[[93.224,14.016],[93.227,13.999],[93.232,13.986],[93.227,13.973],[93.219,13.981],[93.22,14.004],[93.224,14.016],[93.224,14.016]]],[[[93.367,14.047],[93.364,14.049],[93.365,14.054],[93.365,14.057],[93.366,14.054],[93.366,14.052],[93.367,14.048],[93.367,14.047]]],[[[93.384,14.128],[93.383,14.127],[93.382,14.127],[93.381,14.127],[93.381,14.128],[93.382,14.129],[93.383,14.128],[93.384,14.128],[93.384,14.128]]],[[[93.366,14.156],[93.371,14.13],[93.374,14.091],[93.366,14.062],[93.358,14.084],[93.36,14.12],[93.366,14.156],[93.366,14.156]]],[[[93.357,14.193],[93.359,14.192],[93.361,14.191],[93.359,14.19],[93.357,14.19],[93.355,14.191],[93.357,14.193],[93.357,14.193]]],[[[93.37,14.193],[93.372,14.189],[93.371,14.185],[93.369,14.182],[93.365,14.182],[93.36,14.187],[93.365,14.191],[93.37,14.193]]],[[[93.551,14.784],[93.55,14.784],[93.549,14.786],[93.55,14.786],[93.55,14.788],[93.55,14.788],[93.551,14.788],[93.551,14.784],[93.551,14.784]]],[[[93.571,14.846],[93.57,14.847],[93.569,14.848],[93.569,14.849],[93.57,14.849],[93.572,14.848],[93.572,14.847],[93.571,14.846],[93.571,14.846]]],[[[93.572,14.859],[93.571,14.859],[93.571,14.859],[93.57,14.86],[93.57,14.861],[93.57,14.861],[93.573,14.86],[93.572,14.859],[93.572,14.859]]],[[[93.573,14.87],[93.572,14.868],[93.571,14.869],[93.569,14.87],[93.569,14.872],[93.571,14.871],[93.573,14.87]]],[[[93.641,14.902],[93.636,14.878],[93.619,14.86],[93.612,14.837],[93.612,14.862],[93.622,14.888],[93.64,14.903],[93.641,14.902]]],[[[93.648,14.935],[93.651,14.934],[93.651,14.931],[93.65,14.931],[93.648,14.933],[93.646,14.935],[93.647,14.936],[93.648,14.935]]]]}},{"type":"Feature","properties":{"st_nm":"Andhra Pradesh"},"geometry":{"type":"MultiPolygon","coordinates":[[[[80.275,13.46],[80.278,13.456],[80.284,13.453],[80.285,13.449],[80.281,13.452],[80.276,13.455],[80.275,13.46],[80.275,13.46]]],[[[80.227,13.494],[80.228,13.492],[80.227,13.491],[80.225,13.49],[80.225,13.492],[80.226,13.493],[80.227,13.494],[80.227,13.494]]],[[[80.232,13.495],[80.234,13.493],[80.235,13.492],[80.234,13.491],[80.23,13.492],[80.23,13.494],[80.232,13.495],[80.232,13.495]]],[[[80.265,13.52],[80.267,13.517],[80.268,13.511],[80.267,13.502],[80.265,13.505],[80.266,13.512],[80.265,13.517],[80.265,13.52]]],[[[80.193,13.521],[80.195,13.519],[80.196,13.517],[80.197,13.513],[80.191,13.514],[80.188,13.516],[80.19,13.52],[80.193,13.521]]],[[[80.185,13.535],[80.185,13.534],[80.185,13.533],[80.184,13.533],[80.18,13.533],[80.182,13.534],[80.184,13.535],[80.185,13.535]]],[[[80.053,13.589],[80.056,13.588],[80.057,13.587],[80.055,13.587],[80.054,13.587],[80.053,13.588],[80.053,13.589],[80.053,13.589]]],[[[80.149,13.618],[80.168,13.59],[80.142,13.545],[80.127,13.585],[80.158,13.591],[80.12,13.606],[80.149,13.618]]],[[[80.097,13.642],[80.097,13.638],[80.094,13.637],[80.091,13.637],[80.092,13.639],[80.093,13.64],[80.095,13.641],[80.097,13.642]]],[[[80.107,13.653],[80.108,13.646],[80.105,13.642],[80.101,13.637],[80.102,13.642],[80.104,13.646],[80.106,13.653],[80.107,13.653]]],[[[80.103,13.678],[80.106,13.676],[80.106,13.673],[80.105,13.668],[80.104,13.671],[80.103,13.674],[80.102,13.677],[80.103,13.678]]],[[[80.06,15.2],[80.061,15.199],[80.062,15.198],[80.062,15.197],[80.061,15.198],[80.06,15.198],[80.059,15.199],[80.06,15.2]]],[[[80.211,15.502],[80.211,15.501],[80.212,15.5],[80.21,15.499],[80.209,15.5],[80.21,15.501],[80.211,15.502],[80.211,15.502]]],[[[81.028,15.766],[81.028,15.763],[81.026,15.761],[81.024,15.758],[81.021,15.758],[81.025,15.761],[81.027,15.765],[81.028,15.766]]],[[[80.783,15.838],[80.787,15.834],[80.791,15.831],[80.793,15.826],[80.788,15.827],[80.785,15.832],[80.782,15.836],[80.783,15.838]]],[[[80.788,15.843],[80.789,15.842],[80.79,15.84],[80.789,15.838],[80.787,15.838],[80.787,15.842],[80.788,15.843],[80.788,15.843]]],[[[80.786,15.857],[80.788,15.855],[80.788,15.846],[80.786,15.846],[80.785,15.848],[80.784,15.855],[80.786,15.857],[80.786,15.857]]],[[[80.773,15.862],[80.777,15.855],[80.78,15.848],[80.778,15.846],[80.776,15.85],[80.773,15.854],[80.773,15.862],[80.773,15.862]]],[[[81.542,16.355],[81.546,16.352],[81.54,16.349],[81.513,16.35],[81.522,16.355],[81.533,16.352],[81.542,16.355],[81.542,16.355]]],[[[81.535,16.356],[81.535,16.354],[81.534,16.353],[81.533,16.352],[81.532,16.354],[81.532,16.355],[81.535,16.356],[81.535,16.356]]],[[[82.317,16.577],[82.317,16.574],[82.317,16.574],[82.315,16.574],[82.315,16.575],[82.315,16.576],[82.316,16.576],[82.317,16.577]]],[[[82.262,16.678],[82.263,16.675],[82.263,16.674],[82.263,16.67],[82.262,16.67],[82.261,16.673],[82.261,16.677],[82.262,16.678]]],[[[82.3,16.714],[82.3,16.714],[82.299,16.714],[82.299,16.714],[82.3,16.714],[82.3,16.714]]],[[[82.308,16.717],[82.308,16.714],[82.304,16.712],[82.3,16.711],[82.301,16.713],[82.303,16.715],[82.305,16.716],[82.308,16.717]]],[[[82.315,16.726],[82.313,16.72],[82.31,16.719],[82.31,16.721],[82.311,16.723],[82.313,16.724],[82.314,16.726],[82.315,16.726]]],[[[82.332,16.725],[82.332,16.726],[82.332,16.727],[82.332,16.728],[82.333,16.728],[82.333,16.726],[82.333,16.725],[82.332,16.725]]],[[[82.332,16.725],[82.336,16.691],[82.34,16.718],[82.368,16.723],[82.318,16.629],[82.31,16.651],[82.311,16.602],[82.257,16.651],[82.259,16.69],[82.332,16.725]]],[[[83.172,17.569],[83.172,17.567],[83.172,17.567],[83.171,17.566],[83.17,17.566],[83.171,17.567],[83.171,17.567],[83.172,17.569],[83.172,17.569]]],[[[83.306,17.685],[83.305,17.683],[83.304,17.683],[83.303,17.683],[83.303,17.683],[83.304,17.684],[83.306,17.685],[83.306,17.685]]],[[[83.312,17.685],[83.308,17.682],[83.303,17.681],[83.298,17.679],[83.303,17.681],[83.307,17.683],[83.311,17.685],[83.312,17.685]]],[[[83.27,17.709],[83.27,17.708],[83.269,17.708],[83.269,17.708],[83.268,17.708],[83.268,17.71],[83.269,17.71],[83.269,17.71],[83.27,17.71],[83.27,17.709],[83.27,17.709],[83.27,17.709]]],[[[82.3,16.714],[82.294,16.743],[82.281,16.723],[82.22,16.718],[82.218,16.752],[82.175,16.725],[82.258,16.69],[82.257,16.643],[82.292,16.609],[82.26,16.587],[82.3,16.592],[82.268,16.564],[82.31,16.568],[81.945,16.395],[81.72,16.31],[81.541,16.359],[81.405,16.344],[81.365,16.36],[81.346,16.331],[81.38,16.36],[81.393,16.342],[81.265,16.281],[81.231,16.235],[81.141,16.018],[81.146,15.974],[81.004,15.84],[81.012,15.77],[80.967,15.732],[80.822,15.713],[80.781,15.78],[80.813,15.74],[80.805,15.843],[80.687,15.883],[80.537,15.855],[80.431,15.806],[80.27,15.673],[80.201,15.465],[80.098,15.314],[80.08,15.316],[80.099,15.31],[80.088,15.219],[80.078,15.189],[80.046,15.209],[80.081,15.186],[80.048,15.077],[80.089,14.812],[80.059,14.82],[80.093,14.81],[80.13,14.692],[80.136,14.719],[80.199,14.587],[80.172,14.535],[80.17,14.361],[80.122,14.115],[80.245,13.82],[80.236,13.64],[80.315,13.434],[80.288,13.459],[80.264,13.561],[80.144,13.702],[80.147,13.724],[80.13,13.724],[80.138,13.613],[80.109,13.642],[80.126,13.67],[80.107,13.674],[80.107,13.709],[80.103,13.654],[80.079,13.656],[80.095,13.647],[80.051,13.588],[80.115,13.508],[80.262,13.473],[80.268,13.417],[80.278,13.436],[80.313,13.428],[80.312,13.369],[80.276,13.389],[80.23,13.477],[80.152,13.479],[80.069,13.538],[80.008,13.532],[79.99,13.51],[80.036,13.484],[80.006,13.488],[79.995,13.459],[79.962,13.451],[79.963,13.418],[79.932,13.404],[79.954,13.374],[79.926,13.336],[79.78,13.282],[79.754,13.303],[79.721,13.272],[79.785,13.223],[79.744,13.195],[79.723,13.222],[79.689,13.207],[79.669,13.282],[79.58,13.245],[79.536,13.311],[79.429,13.324],[79.375,13.303],[79.425,13.281],[79.411,13.212],[79.446,13.217],[79.424,13.187],[79.348,13.163],[79.355,13.13],[79.308,13.097],[79.267,13.141],[79.218,13.136],[79.153,13.007],[79.069,13.014],[78.98,13.077],[78.914,13.068],[78.893,13.035],[78.925,13.019],[78.882,13.02],[78.876,13.086],[78.746,13.045],[78.702,13.056],[78.694,13.004],[78.651,13.018],[78.614,12.979],[78.647,12.919],[78.626,12.919],[78.582,12.771],[78.546,12.744],[78.548,12.686],[78.524,12.68],[78.484,12.735],[78.51,12.699],[78.493,12.703],[78.489,12.663],[78.458,12.662],[78.455,12.612],[78.368,12.612],[78.264,12.692],[78.19,12.681],[78.229,12.72],[78.241,12.847],[78.303,12.847],[78.345,12.928],[78.378,12.895],[78.436,12.901],[78.454,12.853],[78.423,12.969],[78.458,12.963],[78.452,13.032],[78.505,13.053],[78.502,13.082],[78.528,13.097],[78.509,13.12],[78.569,13.156],[78.541,13.187],[78.569,13.204],[78.577,13.262],[78.556,13.299],[78.521,13.256],[78.472,13.308],[78.367,13.32],[78.397,13.332],[78.355,13.355],[78.391,13.578],[78.228,13.587],[78.183,13.556],[78.194,13.616],[78.161,13.623],[78.156,13.649],[78.081,13.635],[78.058,13.667],[78.064,13.688],[78.105,13.684],[78.085,13.733],[78.118,13.777],[78.106,13.854],[78.041,13.887],[78.038,13.853],[77.985,13.862],[77.966,13.82],[77.945,13.82],[77.942,13.88],[77.978,13.893],[77.979,13.948],[77.912,13.897],[77.887,13.931],[77.818,13.935],[77.806,13.909],[77.828,13.861],[77.776,13.836],[77.778,13.813],[77.713,13.791],[77.709,13.733],[77.696,13.761],[77.664,13.752],[77.67,13.777],[77.649,13.776],[77.61,13.755],[77.629,13.73],[77.596,13.744],[77.556,13.716],[77.52,13.744],[77.522,13.688],[77.487,13.707],[77.483,13.68],[77.45,13.676],[77.457,13.797],[77.409,13.799],[77.425,13.835],[77.359,13.846],[77.32,13.826],[77.307,13.857],[77.25,13.839],[77.234,13.895],[77.212,13.861],[77.205,13.881],[77.179,13.86],[77.177,13.917],[77.156,13.9],[77.162,13.857],[77.124,13.849],[77.162,13.821],[77.167,13.755],[77.095,13.761],[77.06,13.739],[77.026,13.771],[77.011,13.733],[76.993,13.743],[76.968,13.814],[77.017,13.893],[77.041,13.897],[77.036,13.926],[76.931,14.023],[76.975,14.065],[76.927,14.127],[76.884,14.131],[76.891,14.159],[76.937,14.166],[76.942,14.189],[77.02,14.173],[77.024,14.053],[77.121,14.042],[77.147,13.992],[77.313,14.025],[77.354,13.982],[77.348,13.897],[77.397,13.881],[77.426,13.902],[77.408,13.936],[77.431,13.969],[77.376,13.969],[77.383,14.007],[77.326,14.023],[77.395,14.103],[77.39,14.119],[77.345,14.096],[77.348,14.124],[77.41,14.17],[77.5,14.151],[77.499,14.261],[77.479,14.285],[77.444,14.278],[77.426,14.321],[77.386,14.325],[77.375,14.295],[77.416,14.212],[77.384,14.192],[77.355,14.23],[77.359,14.269],[77.28,14.276],[77.281,14.331],[77.232,14.311],[77.152,14.338],[77.112,14.288],[77.105,14.213],[77.075,14.209],[77.05,14.24],[76.938,14.24],[76.925,14.272],[76.95,14.294],[76.879,14.346],[76.883,14.39],[76.913,14.414],[76.942,14.4],[76.944,14.445],[76.973,14.478],[76.87,14.468],[76.8,14.528],[76.761,14.596],[76.798,14.735],[76.78,14.779],[76.849,14.804],[76.844,14.886],[76.865,14.938],[76.864,14.964],[76.828,14.951],[76.764,14.97],[76.785,15.017],[76.771,15.058],[76.797,15.091],[76.877,15.029],[76.982,15.01],[77.047,15.029],[77.041,15.005],[77.079,15.0],[77.154,15.121],[77.132,15.143],[77.158,15.149],[77.158,15.194],[77.121,15.221],[77.164,15.259],[77.115,15.29],[77.11,15.327],[77.062,15.322],[77.027,15.435],[76.97,15.491],[77.027,15.5],[77.029,15.634],[77.081,15.653],[77.121,15.637],[77.076,15.721],[77.043,15.734],[77.064,15.823],[77.022,15.832],[77.066,15.899],[77.143,15.941],[77.249,15.958],[77.509,15.921],[77.491,16.031],[77.509,16.104],[77.487,16.116],[77.484,16.159],[77.511,16.217],[77.488,16.25],[77.565,16.298],[77.59,16.287],[77.592,16.338],[77.494,16.376],[77.412,16.363],[77.343,16.38],[77.285,16.403],[77.235,16.468],[77.292,16.474],[77.297,16.491],[77.366,16.484],[77.415,16.518],[77.391,16.565],[77.464,16.584],[77.469,16.647],[77.433,16.638],[77.417,16.663],[77.465,16.678],[77.467,16.712],[77.423,16.715],[77.438,16.783],[77.471,16.779],[77.453,16.909],[77.499,17.007],[77.463,17.104],[77.36,17.162],[77.399,17.209],[77.38,17.22],[77.455,17.276],[77.434,17.288],[77.452,17.37],[77.499,17.354],[77.528,17.372],[77.536,17.404],[77.51,17.427],[77.573,17.43],[77.573,17.454],[77.611,17.444],[77.653,17.503],[77.648,17.481],[77.684,17.473],[77.687,17.492],[77.657,17.521],[77.592,17.533],[77.59,17.563],[77.548,17.549],[77.527,17.573],[77.502,17.541],[77.44,17.581],[77.45,17.691],[77.562,17.747],[77.566,17.764],[77.504,17.783],[77.511,17.801],[77.526,17.827],[77.55,17.818],[77.573,17.873],[77.597,17.87],[77.585,17.908],[77.617,17.903],[77.624,17.958],[77.644,17.946],[77.653,17.969],[77.546,18.054],[77.597,18.084],[77.598,18.152],[77.564,18.201],[77.603,18.278],[77.55,18.291],[77.567,18.318],[77.52,18.349],[77.555,18.418],[77.528,18.44],[77.585,18.445],[77.546,18.463],[77.601,18.474],[77.597,18.548],[77.649,18.553],[77.658,18.527],[77.737,18.555],[77.748,18.605],[77.728,18.664],[77.758,18.707],[77.786,18.684],[77.837,18.807],[77.943,18.822],[77.882,18.909],[77.84,18.911],[77.854,18.952],[77.813,18.949],[77.817,18.982],[77.767,18.981],[77.757,19.029],[77.762,19.062],[77.797,19.051],[77.803,19.102],[77.848,19.09],[77.831,19.136],[77.858,19.181],[77.847,19.197],[77.867,19.255],[77.906,19.267],[77.861,19.302],[77.949,19.341],[78.046,19.271],[78.051,19.242],[78.17,19.236],[78.197,19.332],[78.182,19.412],[78.309,19.456],[78.279,19.558],[78.311,19.572],[78.311,19.604],[78.27,19.663],[78.345,19.714],[78.368,19.781],[78.339,19.839],[78.294,19.85],[78.31,19.913],[78.335,19.91],[78.336,19.883],[78.384,19.879],[78.398,19.836],[78.494,19.793],[78.526,19.822],[78.604,19.818],[78.716,19.767],[78.785,19.779],[78.846,19.758],[78.859,19.656],[78.916,19.668],[78.969,19.649],[78.981,19.585],[78.955,19.552],[78.993,19.562],[79.103,19.528],[79.178,19.461],[79.223,19.468],[79.207,19.492],[79.237,19.527],[79.244,19.613],[79.305,19.59],[79.314,19.566],[79.369,19.571],[79.47,19.497],[79.543,19.549],[79.552,19.52],[79.598,19.504],[79.621,19.565],[79.74,19.603],[79.811,19.574],[79.828,19.537],[79.94,19.465],[79.973,19.401],[79.962,19.297],[79.92,19.226],[79.943,19.171],[79.858,19.104],[79.86,19.035],[79.916,19.047],[79.934,19.022],[79.939,18.859],[79.894,18.831],[79.909,18.807],[80.012,18.767],[80.111,18.676],[80.158,18.696],[80.189,18.676],[80.268,18.718],[80.342,18.586],[80.483,18.628],[80.633,18.519],[80.699,18.436],[80.691,18.419],[80.727,18.409],[80.745,18.302],[80.788,18.254],[80.733,18.219],[80.735,18.172],[80.798,18.166],[80.83,18.234],[80.867,18.207],[80.848,18.198],[80.862,18.133],[80.974,18.168],[80.944,18.081],[81.004,17.838],[81.045,17.784],[81.16,17.853],[81.263,17.81],[81.611,17.815],[81.663,17.877],[81.688,17.885],[81.703,17.861],[81.801,17.936],[81.952,17.992],[82.025,18.058],[82.16,18.044],[82.177,18.011],[82.261,17.982],[82.267,18.048],[82.298,18.062],[82.306,18.038],[82.33,18.04],[82.333,18.142],[82.364,18.135],[82.306,18.196],[82.333,18.216],[82.337,18.266],[82.393,18.306],[82.334,18.317],[82.384,18.369],[82.361,18.41],[82.474,18.537],[82.499,18.502],[82.523,18.504],[82.53,18.434],[82.554,18.438],[82.535,18.39],[82.601,18.369],[82.581,18.27],[82.627,18.229],[82.659,18.287],[82.767,18.331],[82.793,18.395],[82.776,18.42],[82.799,18.439],[82.885,18.413],[82.903,18.356],[83.053,18.375],[83.06,18.429],[83.037,18.419],[83.015,18.444],[83.089,18.538],[83.032,18.548],[83.054,18.586],[83.008,18.588],[83.01,18.637],[83.051,18.654],[83.133,18.772],[83.202,18.742],[83.205,18.716],[83.219,18.766],[83.266,18.757],[83.28,18.79],[83.356,18.8],[83.359,18.832],[83.396,18.831],[83.411,18.859],[83.347,18.927],[83.38,18.923],[83.346,18.957],[83.329,18.917],[83.305,18.99],[83.346,19.01],[83.409,18.996],[83.455,18.946],[83.449,19.0],[83.478,19.021],[83.459,19.07],[83.505,19.065],[83.514,19.025],[83.495,19.011],[83.531,19.005],[83.546,19.074],[83.579,19.05],[83.623,19.154],[83.697,19.016],[83.723,19.012],[83.706,18.985],[83.746,18.918],[83.78,18.908],[83.74,18.978],[83.788,19.008],[83.87,18.818],[84.027,18.802],[84.082,18.745],[84.217,18.787],[84.312,18.779],[84.344,18.812],[84.336,18.867],[84.362,18.851],[84.351,18.883],[84.388,18.878],[84.365,18.896],[84.398,18.886],[84.429,18.914],[84.416,18.938],[84.441,18.967],[84.415,19.014],[84.472,18.981],[84.489,19.021],[84.566,19.065],[84.59,19.013],[84.613,19.055],[84.665,19.066],[84.62,19.077],[84.592,19.124],[84.661,19.122],[84.665,19.157],[84.705,19.149],[84.698,19.109],[84.761,19.071],[84.746,19.048],[84.583,18.876],[84.553,18.792],[84.339,18.551],[84.356,18.557],[84.126,18.352],[84.125,18.309],[83.713,18.111],[83.573,18.018],[83.53,17.949],[83.46,17.905],[83.457,17.921],[83.344,17.725],[83.307,17.688],[83.263,17.711],[83.295,17.675],[83.213,17.591],[82.608,17.296],[82.368,17.119],[82.249,16.93],[82.256,16.887],[82.312,16.84],[82.354,16.852],[82.359,16.944],[82.324,16.989],[82.358,16.964],[82.343,16.738],[82.3,16.714]]]]}},{"type":"Feature","properties":{"st_nm":"Arunachal Pradesh"},"geometry":{"type":"MultiPolygon","coordinates":[[[[96.158,29.383],[96.183,29.309],[96.244,29.235],[96.293,29.236],[96.363,29.286],[96.393,29.257],[96.346,29.171],[96.26,29.16],[96.186,29.095],[96.115,29.078],[96.185,28.988],[96.145,28.937],[96.167,28.906],[96.248,28.943],[96.347,29.032],[96.436,29.038],[96.525,29.079],[96.477,28.994],[96.488,28.965],[96.519,28.971],[96.537,28.884],[96.616,28.779],[96.586,28.722],[96.473,28.688],[96.494,28.638],[96.428,28.587],[96.401,28.594],[96.407,28.564],[96.326,28.534],[96.373,28.487],[96.264,28.413],[96.32,28.386],[96.371,28.394],[96.399,28.344],[96.458,28.419],[96.51,28.418],[96.58,28.463],[96.665,28.466],[96.751,28.422],[96.774,28.374],[96.899,28.386],[96.926,28.345],[96.996,28.316],[97.093,28.37],[97.174,28.299],[97.282,28.276],[97.401,28.201],[97.331,28.163],[97.339,28.12],[97.308,28.077],[97.374,28.07],[97.377,28.039],[97.415,28.024],[97.378,27.986],[97.389,27.896],[97.321,27.89],[97.309,27.93],[97.256,27.91],[97.102,27.793],[97.096,27.75],[97.029,27.749],[96.978,27.672],[96.942,27.667],[96.898,27.621],[96.938,27.53],[96.912,27.463],[97.167,27.155],[97.146,27.103],[97.063,27.111],[96.985,27.167],[96.866,27.2],[96.889,27.264],[96.802,27.354],[96.713,27.381],[96.62,27.373],[96.522,27.294],[96.471,27.312],[96.348,27.288],[96.311,27.302],[96.099,27.231],[96.036,27.196],[95.946,27.06],[95.877,27.02],[95.808,27.02],[95.731,26.887],[95.673,26.91],[95.612,26.821],[95.533,26.831],[95.423,26.697],[95.303,26.656],[95.238,26.686],[95.216,26.735],[95.245,26.787],[95.215,26.798],[95.209,26.851],[95.185,26.865],[95.234,26.891],[95.196,27.043],[95.248,27.03],[95.349,27.105],[95.458,27.136],[95.46,27.213],[95.516,27.269],[95.59,27.23],[95.806,27.292],[95.86,27.294],[95.894,27.263],[96.021,27.371],[95.978,27.435],[95.917,27.443],[95.893,27.406],[95.889,27.444],[95.867,27.417],[95.849,27.43],[95.89,27.506],[95.881,27.553],[95.787,27.623],[95.801,27.649],[95.778,27.672],[95.796,27.688],[95.758,27.731],[95.927,27.887],[95.977,27.969],[95.607,27.958],[95.516,27.882],[95.384,27.842],[95.317,27.871],[94.861,27.739],[94.839,27.704],[94.756,27.667],[94.689,27.667],[94.46,27.558],[94.431,27.603],[94.367,27.577],[94.276,27.593],[94.252,27.641],[94.211,27.611],[94.26,27.523],[94.157,27.478],[94.061,27.364],[94.0,27.335],[93.809,27.152],[93.798,27.136],[93.835,27.075],[93.772,27.062],[93.676,26.971],[93.489,26.939],[93.348,26.963],[93.019,26.917],[92.872,27.008],[92.659,27.039],[92.645,26.987],[92.585,26.962],[92.46,26.963],[92.4,26.926],[92.108,26.894],[92.103,27.008],[92.034,27.065],[92.023,27.162],[92.07,27.224],[92.04,27.267],[92.121,27.288],[92.059,27.327],[92.019,27.48],[91.774,27.465],[91.72,27.47],[91.69,27.503],[91.653,27.483],[91.562,27.584],[91.576,27.608],[91.558,27.633],[91.624,27.706],[91.64,27.758],[91.628,27.801],[91.565,27.815],[91.553,27.859],[91.669,27.857],[91.746,27.803],[91.824,27.81],[91.861,27.737],[91.919,27.715],[91.984,27.77],[92.055,27.759],[92.21,27.859],[92.264,27.858],[92.316,27.778],[92.407,27.822],[92.455,27.803],[92.501,27.842],[92.561,27.821],[92.605,27.878],[92.669,27.9],[92.739,27.989],[92.663,28.063],[92.687,28.126],[92.8,28.202],[92.826,28.172],[92.895,28.205],[92.965,28.262],[93.0,28.231],[93.034,28.263],[93.024,28.303],[93.219,28.334],[93.232,28.401],[93.183,28.44],[93.276,28.505],[93.3,28.6],[93.337,28.64],[93.446,28.676],[93.474,28.654],[93.491,28.684],[93.534,28.659],[93.732,28.689],[93.775,28.669],[93.844,28.707],[93.926,28.672],[94.001,28.776],[93.995,28.841],[94.155,28.955],[94.215,29.084],[94.288,29.148],[94.357,29.153],[94.372,29.19],[94.431,29.227],[94.558,29.229],[94.628,29.349],[94.777,29.241],[94.798,29.165],[94.872,29.184],[95.023,29.131],[94.997,29.173],[95.098,29.144],[95.122,29.116],[95.251,29.11],[95.267,29.058],[95.41,29.034],[95.454,29.037],[95.483,29.071],[95.496,29.14],[95.547,29.129],[95.538,29.214],[95.586,29.218],[95.599,29.262],[95.638,29.25],[95.778,29.356],[95.796,29.336],[95.881,29.391],[95.957,29.383],[96.081,29.463],[96.158,29.383]]]]}},{"type":"Feature","properties":{"st_nm":"Assam"},"geometry":{"type":"MultiPolygon","coordinates":[[[[89.871,25.537],[89.88,25.489],[89.86,25.473],[89.871,25.537]]],[[[89.871,25.537],[89.871,25.539],[89.873,25.54],[89.874,25.542],[89.875,25.542],[89.871,25.537],[89.871,25.537]]],[[[95.952,27.942],[95.927,27.887],[95.823,27.809],[95.759,27.727],[95.796,27.688],[95.778,27.666],[95.801,27.649],[95.798,27.608],[95.881,27.553],[95.89,27.506],[95.849,27.43],[95.867,27.417],[95.889,27.444],[95.893,27.406],[95.917,27.443],[95.978,27.435],[96.018,27.368],[95.894,27.263],[95.86,27.294],[95.806,27.292],[95.59,27.23],[95.511,27.266],[95.46,27.213],[95.458,27.136],[95.349,27.105],[95.248,27.03],[95.198,27.044],[95.11,26.967],[95.021,26.925],[94.986,26.918],[94.928,26.952],[94.894,26.937],[94.756,26.772],[94.653,26.724],[94.604,26.739],[94.575,26.691],[94.545,26.711],[94.468,26.67],[94.463,26.635],[94.408,26.614],[94.399,26.532],[94.317,26.463],[94.277,26.559],[94.187,26.461],[94.176,26.344],[94.108,26.326],[94.005,26.173],[93.991,26.073],[93.955,26.007],[93.979,25.92],[93.883,25.846],[93.842,25.863],[93.796,25.814],[93.78,25.846],[93.798,25.91],[93.773,25.966],[93.688,25.909],[93.705,25.849],[93.573,25.761],[93.5,25.657],[93.428,25.631],[93.332,25.547],[93.396,25.464],[93.462,25.435],[93.478,25.38],[93.452,25.344],[93.474,25.309],[93.389,25.246],[93.336,25.096],[93.305,25.048],[93.268,25.05],[93.249,25.019],[93.262,24.951],[93.197,24.856],[93.197,24.811],[93.153,24.79],[93.11,24.81],[93.107,24.742],[93.076,24.71],[93.105,24.675],[93.075,24.596],[93.107,24.584],[93.061,24.575],[93.039,24.411],[92.936,24.396],[92.912,24.413],[92.829,24.378],[92.765,24.521],[92.691,24.355],[92.624,24.333],[92.612,24.253],[92.551,24.246],[92.53,24.175],[92.467,24.135],[92.419,24.194],[92.422,24.253],[92.213,24.249],[92.272,24.378],[92.231,24.46],[92.234,24.562],[92.259,24.681],[92.298,24.737],[92.241,24.899],[92.298,24.92],[92.391,24.85],[92.492,24.874],[92.489,24.954],[92.456,24.946],[92.471,24.964],[92.435,24.966],[92.424,24.996],[92.426,25.032],[92.463,25.037],[92.484,25.108],[92.543,25.1],[92.525,25.14],[92.625,25.119],[92.667,25.177],[92.804,25.219],[92.765,25.249],[92.792,25.285],[92.784,25.333],[92.761,25.335],[92.737,25.381],[92.66,25.41],[92.654,25.435],[92.609,25.417],[92.598,25.472],[92.567,25.467],[92.645,25.537],[92.653,25.592],[92.573,25.56],[92.558,25.612],[92.502,25.623],[92.465,25.682],[92.432,25.691],[92.433,25.731],[92.385,25.754],[92.334,25.725],[92.229,25.716],[92.161,25.672],[92.153,25.813],[92.225,25.907],[92.164,25.912],[92.156,25.945],[92.297,26.079],[92.241,26.063],[92.178,26.08],[92.133,26.046],[92.053,26.033],[91.991,26.041],[91.922,26.0],[91.87,26.052],[91.876,26.098],[91.819,26.119],[91.731,26.059],[91.72,25.954],[91.669,25.905],[91.611,25.94],[91.638,25.965],[91.632,26.022],[91.576,26.033],[91.502,25.921],[91.531,25.924],[91.475,25.871],[91.53,25.89],[91.525,25.873],[91.444,25.841],[91.334,25.839],[91.276,25.747],[91.224,25.723],[91.192,25.73],[91.18,25.776],[91.196,25.859],[91.063,25.82],[91.05,25.829],[91.079,25.853],[91.049,25.849],[91.001,25.822],[91.029,25.888],[90.967,25.887],[90.943,25.948],[90.916,25.943],[90.919,25.913],[90.883,25.952],[90.81,25.952],[90.778,25.908],[90.741,25.915],[90.747,25.957],[90.686,25.951],[90.625,25.899],[90.607,25.912],[90.629,25.937],[90.582,25.96],[90.513,25.896],[90.534,25.958],[90.477,26.015],[90.429,25.989],[90.365,26.01],[90.324,25.974],[90.183,25.944],[90.119,25.961],[90.005,25.879],[90.022,25.866],[90.008,25.847],[89.945,25.824],[89.955,25.774],[89.893,25.735],[90.017,25.602],[89.87,25.544],[89.885,25.63],[89.832,25.725],[89.844,25.768],[89.815,25.817],[89.89,25.94],[89.828,25.944],[89.875,25.976],[89.84,26.01],[89.84,25.981],[89.823,25.985],[89.813,26.042],[89.792,26.018],[89.789,26.103],[89.759,26.109],[89.771,26.127],[89.748,26.158],[89.723,26.155],[89.734,26.175],[89.695,26.189],[89.732,26.212],[89.697,26.217],[89.729,26.238],[89.705,26.27],[89.737,26.271],[89.718,26.306],[89.759,26.289],[89.751,26.321],[89.782,26.353],[89.82,26.371],[89.82,26.35],[89.826,26.379],[89.857,26.384],[89.827,26.396],[89.869,26.448],[89.853,26.488],[89.878,26.584],[89.857,26.623],[89.876,26.649],[89.862,26.737],[89.958,26.723],[90.128,26.749],[90.189,26.771],[90.184,26.81],[90.215,26.854],[90.302,26.848],[90.355,26.896],[90.41,26.902],[90.56,26.801],[90.7,26.768],[91.054,26.779],[91.097,26.82],[91.336,26.78],[91.408,26.836],[91.493,26.79],[91.624,26.821],[91.687,26.805],[91.802,26.852],[91.858,26.914],[92.055,26.848],[92.108,26.894],[92.4,26.926],[92.46,26.963],[92.585,26.962],[92.645,26.987],[92.659,27.039],[92.872,27.008],[93.019,26.917],[93.348,26.963],[93.489,26.939],[93.655,26.966],[93.772,27.062],[93.835,27.075],[93.798,27.136],[93.809,27.152],[94.0,27.335],[94.061,27.364],[94.157,27.478],[94.259,27.523],[94.211,27.611],[94.252,27.641],[94.276,27.593],[94.367,27.577],[94.431,27.603],[94.46,27.558],[94.689,27.667],[94.756,27.667],[94.839,27.704],[94.861,27.739],[95.317,27.871],[95.384,27.842],[95.516,27.882],[95.607,27.958],[95.977,27.969],[95.952,27.942]]]]}},{"type":"Feature","properties":{"st_nm":"Bihar"},"geometry":{"type":"MultiPolygon","coordinates":[[[[88.105,26.539],[88.105,26.536],[88.106,26.536],[88.102,26.534],[88.101,26.535],[88.101,26.536],[88.103,26.539],[88.105,26.539],[88.105,26.539],[88.105,26.539]]],[[[84.12,27.514],[84.153,27.517],[84.151,27.486],[84.208,27.469],[84.211,27.442],[84.256,27.452],[84.296,27.384],[84.622,27.338],[84.693,27.215],[84.676,27.095],[84.645,27.047],[84.796,26.996],[84.832,27.019],[84.894,26.97],[84.964,26.96],[84.97,26.916],[85.062,26.887],[85.024,26.855],[85.198,26.867],[85.179,26.812],[85.212,26.759],[85.336,26.741],[85.41,26.791],[85.456,26.782],[85.578,26.861],[85.588,26.847],[85.637,26.872],[85.737,26.796],[85.735,26.654],[85.82,26.603],[85.853,26.61],[85.852,26.568],[85.95,26.613],[85.963,26.651],[86.031,26.666],[86.22,26.588],[86.255,26.617],[86.33,26.619],[86.544,26.538],[86.573,26.497],[86.734,26.422],[86.768,26.458],[86.836,26.439],[86.896,26.462],[86.894,26.486],[86.932,26.489],[86.935,26.516],[87.018,26.532],[87.047,26.587],[87.074,26.585],[87.094,26.45],[87.165,26.404],[87.259,26.411],[87.268,26.374],[87.343,26.348],[87.371,26.408],[87.469,26.44],[87.608,26.381],[87.654,26.393],[87.68,26.435],[87.769,26.412],[87.792,26.469],[87.851,26.436],[87.891,26.486],[87.929,26.418],[88.033,26.365],[88.097,26.437],[88.106,26.536],[88.145,26.511],[88.231,26.552],[88.179,26.491],[88.226,26.476],[88.229,26.447],[88.268,26.422],[88.229,26.39],[88.274,26.377],[88.28,26.336],[88.144,26.253],[88.07,26.176],[88.037,26.178],[88.013,26.141],[87.964,26.152],[87.976,26.122],[87.954,26.103],[87.972,26.085],[87.931,26.069],[87.913,26.091],[87.842,26.044],[87.83,25.935],[87.804,25.921],[87.823,25.871],[87.911,25.852],[87.883,25.829],[87.911,25.815],[87.898,25.77],[87.932,25.771],[87.961,25.725],[88.049,25.691],[88.036,25.637],[88.054,25.633],[88.021,25.587],[88.07,25.481],[87.926,25.536],[87.899,25.504],[87.879,25.516],[87.863,25.465],[87.809,25.434],[87.781,25.445],[87.759,25.405],[87.789,25.372],[87.784,25.332],[87.855,25.29],[87.823,25.234],[87.837,25.199],[87.788,25.22],[87.783,25.246],[87.708,25.256],[87.684,25.31],[87.607,25.311],[87.58,25.348],[87.547,25.331],[87.54,25.282],[87.482,25.295],[87.496,25.262],[87.472,25.195],[87.392,25.228],[87.37,25.205],[87.323,25.223],[87.291,25.089],[87.251,25.106],[87.211,25.09],[87.147,25.024],[87.158,24.886],[87.151,24.858],[87.079,24.822],[87.097,24.801],[87.05,24.607],[86.93,24.643],[86.898,24.587],[86.911,24.539],[86.876,24.567],[86.855,24.55],[86.8,24.565],[86.806,24.595],[86.777,24.62],[86.751,24.618],[86.732,24.576],[86.668,24.561],[86.603,24.605],[86.506,24.518],[86.489,24.425],[86.466,24.422],[86.452,24.369],[86.351,24.444],[86.279,24.462],[86.312,24.508],[86.304,24.558],[86.323,24.584],[86.264,24.576],[86.217,24.612],[86.195,24.585],[86.133,24.604],[86.124,24.705],[86.087,24.746],[86.039,24.741],[86.051,24.78],[85.95,24.732],[85.878,24.8],[85.777,24.799],[85.737,24.823],[85.697,24.713],[85.65,24.687],[85.665,24.582],[85.577,24.603],[85.568,24.565],[85.537,24.565],[85.518,24.525],[85.486,24.551],[85.283,24.527],[85.282,24.497],[85.151,24.463],[85.169,24.429],[85.089,24.379],[85.065,24.387],[85.076,24.44],[85.057,24.416],[84.99,24.412],[84.969,24.376],[84.898,24.372],[84.88,24.463],[84.834,24.453],[84.833,24.511],[84.795,24.529],[84.679,24.456],[84.658,24.394],[84.572,24.412],[84.566,24.384],[84.522,24.376],[84.494,24.287],[84.455,24.339],[84.417,24.331],[84.423,24.359],[84.382,24.39],[84.336,24.396],[84.315,24.423],[84.33,24.431],[84.293,24.451],[84.294,24.481],[84.326,24.503],[84.293,24.566],[84.269,24.564],[84.257,24.531],[84.188,24.555],[84.179,24.51],[84.146,24.54],[84.11,24.481],[84.047,24.612],[83.992,24.638],[83.933,24.552],[83.868,24.533],[83.717,24.505],[83.498,24.527],[83.541,24.626],[83.498,24.652],[83.514,24.681],[83.481,24.706],[83.48,24.738],[83.453,24.733],[83.387,24.784],[83.39,24.833],[83.354,24.871],[83.344,25.01],[83.318,25.017],[83.357,25.124],[83.335,25.181],[83.35,25.199],[83.539,25.318],[83.622,25.33],[83.695,25.396],[83.733,25.411],[83.762,25.388],[83.799,25.411],[83.794,25.432],[83.838,25.437],[83.81,25.466],[83.851,25.474],[83.917,25.558],[84.077,25.638],[84.07,25.696],[84.094,25.72],[84.148,25.731],[84.194,25.703],[84.203,25.67],[84.286,25.662],[84.284,25.677],[84.319,25.672],[84.331,25.745],[84.38,25.749],[84.402,25.7],[84.449,25.714],[84.488,25.678],[84.525,25.684],[84.536,25.726],[84.531,25.693],[84.552,25.684],[84.556,25.736],[84.631,25.728],[84.601,25.761],[84.62,25.794],[84.527,25.834],[84.529,25.878],[84.423,25.892],[84.408,25.931],[84.351,25.959],[84.296,25.947],[84.202,26.001],[84.166,25.992],[84.167,26.025],[84.116,26.075],[84.049,26.1],[84.003,26.178],[84.024,26.201],[84.006,26.234],[84.079,26.221],[84.113,26.262],[84.157,26.244],[84.182,26.317],[84.171,26.374],[84.072,26.384],[84.011,26.448],[83.902,26.45],[83.902,26.518],[83.963,26.509],[83.974,26.532],[84.048,26.543],[84.082,26.643],[84.272,26.599],[84.414,26.627],[84.402,26.671],[84.326,26.684],[84.298,26.753],[84.234,26.74],[84.241,26.862],[84.209,26.871],[84.169,26.835],[84.132,26.856],[84.141,26.888],[84.052,26.892],[84.025,26.943],[84.047,26.962],[84.041,27.045],[83.991,27.069],[84.021,27.095],[83.939,27.093],[83.985,27.182],[83.954,27.235],[83.898,27.259],[83.924,27.316],[83.829,27.323],[83.906,27.376],[83.875,27.392],[83.87,27.429],[83.933,27.449],[84.029,27.434],[84.098,27.489],[84.1,27.517],[84.12,27.514]]],[[[87.306,27.843],[87.307,27.837],[87.306,27.843],[87.306,27.843],[87.306,27.843]]],[[[87.263,27.851],[87.252,27.843],[87.251,27.843],[87.251,27.843],[87.263,27.851],[87.263,27.851]]],[[[87.263,27.851],[87.267,27.85],[87.266,27.849],[87.263,27.851],[87.263,27.851]]]]}},{"type":"Feature","properties":{"st_nm":"Chandigarh"},"geometry":{"type":"MultiPolygon","coordinates":[[[[76.82,30.686],[76.794,30.669],[76.726,30.696],[76.691,30.76],[76.759,30.799],[76.769,30.777],[76.798,30.785],[76.793,30.767],[76.828,30.764],[76.82,30.686]]]]}},{"type":"Feature","properties":{"st_nm":"Chhattisgarh"},"geometry":{"type":"MultiPolygon","coordinates":[[[[83.328,24.1],[83.425,24.084],[83.448,24.042],[83.507,24.028],[83.543,23.898],[83.576,23.884],[83.561,23.863],[83.695,23.821],[83.729,23.755],[83.715,23.683],[83.775,23.6],[83.935,23.563],[83.938,23.622],[84.007,23.632],[84.023,23.544],[83.97,23.455],[83.966,23.381],[84.007,23.353],[84.043,23.374],[84.07,23.33],[84.034,23.138],[84.129,23.082],[84.148,22.964],[84.19,23.024],[84.217,22.976],[84.371,22.975],[84.389,22.939],[84.377,22.876],[84.329,22.86],[84.285,22.763],[84.225,22.735],[84.221,22.669],[84.15,22.634],[84.08,22.637],[84.005,22.57],[84.005,22.525],[83.976,22.502],[84.042,22.464],[84.004,22.368],[83.861,22.344],[83.753,22.243],[83.693,22.246],[83.619,22.196],[83.557,22.1],[83.6,22.066],[83.543,22.059],[83.532,22.034],[83.549,22.007],[83.535,21.964],[83.6,21.911],[83.572,21.872],[83.584,21.844],[83.531,21.832],[83.537,21.794],[83.491,21.815],[83.467,21.783],[83.484,21.742],[83.42,21.675],[83.485,21.626],[83.453,21.605],[83.441,21.649],[83.381,21.613],[83.335,21.496],[83.403,21.348],[83.27,21.375],[83.254,21.312],[83.275,21.286],[83.218,21.26],[83.19,21.136],[83.12,21.101],[83.041,21.119],[82.956,21.175],[82.789,21.139],[82.752,21.16],[82.636,21.149],[82.645,21.102],[82.609,21.071],[82.622,21.037],[82.553,20.941],[82.486,20.904],[82.459,20.824],[82.416,20.826],[82.401,20.862],[82.347,20.884],[82.335,20.759],[82.368,20.624],[82.324,20.554],[82.38,20.51],[82.388,20.453],[82.41,20.473],[82.429,20.426],[82.394,20.336],[82.429,20.283],[82.405,20.264],[82.414,20.202],[82.379,20.145],[82.391,20.06],[82.598,19.986],[82.707,19.99],[82.711,19.849],[82.585,19.771],[82.571,19.822],[82.591,19.866],[82.439,19.903],[82.339,19.83],[82.231,19.998],[82.178,19.978],[82.058,20.05],[82.024,20.01],[81.941,20.102],[81.874,20.046],[81.837,19.95],[81.85,19.908],[81.96,19.855],[81.98,19.796],[82.06,19.783],[82.038,19.704],[82.046,19.539],[82.022,19.502],[82.092,19.51],[82.119,19.424],[82.183,19.418],[82.166,19.366],[82.141,19.362],[82.183,19.32],[82.152,19.265],[82.179,19.159],[82.16,19.126],[82.2,19.117],[82.212,19.091],[82.194,19.06],[82.225,19.015],[82.24,18.91],[82.173,18.895],[82.161,18.791],[82.129,18.758],[82.081,18.756],[82.079,18.712],[82.034,18.719],[81.968,18.691],[81.947,18.629],[81.885,18.65],[81.888,18.621],[81.955,18.587],[81.947,18.559],[81.909,18.564],[81.897,18.528],[81.858,18.513],[81.762,18.411],[81.745,18.345],[81.658,18.339],[81.659,18.311],[81.593,18.301],[81.528,18.259],[81.477,17.97],[81.437,17.876],[81.394,17.885],[81.384,17.803],[81.254,17.812],[81.16,17.853],[81.074,17.786],[81.038,17.786],[81.004,17.838],[80.944,18.081],[80.974,18.168],[80.862,18.133],[80.848,18.198],[80.867,18.207],[80.83,18.234],[80.798,18.166],[80.735,18.172],[80.733,18.219],[80.788,18.25],[80.745,18.302],[80.727,18.409],[80.691,18.419],[80.699,18.436],[80.633,18.519],[80.488,18.627],[80.339,18.588],[80.24,18.752],[80.348,18.816],[80.268,18.929],[80.268,18.987],[80.322,19.075],[80.325,19.142],[80.387,19.189],[80.383,19.239],[80.437,19.261],[80.476,19.335],[80.568,19.401],[80.61,19.307],[80.672,19.326],[80.689,19.283],[80.749,19.287],[80.845,19.361],[80.788,19.427],[80.892,19.466],[80.879,19.519],[80.828,19.563],[80.657,19.612],[80.666,19.692],[80.54,19.775],[80.542,19.819],[80.469,19.825],[80.478,19.772],[80.395,19.795],[80.398,19.816],[80.432,19.81],[80.498,19.869],[80.483,19.899],[80.408,19.906],[80.406,19.933],[80.444,19.953],[80.52,19.931],[80.546,20.066],[80.54,20.11],[80.498,20.139],[80.394,20.144],[80.414,20.19],[80.383,20.242],[80.511,20.27],[80.542,20.307],[80.618,20.334],[80.586,20.396],[80.622,20.604],[80.567,20.612],[80.512,20.585],[80.482,20.617],[80.508,20.655],[80.58,20.684],[80.546,20.765],[80.542,20.934],[80.459,20.928],[80.424,21.01],[80.447,21.037],[80.433,21.097],[80.455,21.169],[80.603,21.227],[80.673,21.298],[80.657,21.331],[80.73,21.472],[80.709,21.587],[80.719,21.712],[80.743,21.758],[80.811,21.747],[80.841,21.856],[80.818,21.957],[80.846,21.961],[80.906,22.114],[80.951,22.113],[80.979,22.048],[81.004,22.07],[80.972,22.121],[81.016,22.133],[81.019,22.229],[81.085,22.247],[81.114,22.294],[81.11,22.441],[81.18,22.49],[81.218,22.452],[81.275,22.499],[81.304,22.482],[81.323,22.524],[81.379,22.505],[81.397,22.441],[81.519,22.54],[81.616,22.539],[81.649,22.569],[81.657,22.632],[81.723,22.676],[81.741,22.648],[81.763,22.664],[81.747,22.726],[81.784,22.767],[81.769,22.874],[81.856,22.891],[81.86,22.915],[81.94,22.957],[81.918,23.041],[81.938,23.078],[82.024,23.08],[82.067,23.117],[82.116,23.104],[82.151,23.142],[82.142,23.228],[82.186,23.278],[82.186,23.325],[82.138,23.362],[82.111,23.356],[82.098,23.398],[82.046,23.378],[82.015,23.388],[82.016,23.424],[81.976,23.413],[81.916,23.532],[81.827,23.511],[81.805,23.546],[81.736,23.567],[81.693,23.523],[81.655,23.532],[81.628,23.49],[81.607,23.507],[81.606,23.55],[81.577,23.555],[81.57,23.589],[81.603,23.6],[81.613,23.661],[81.643,23.66],[81.687,23.721],[81.598,23.854],[81.611,23.907],[81.662,23.926],[81.719,23.84],[81.783,23.812],[81.853,23.824],[81.916,23.873],[81.951,23.853],[82.001,23.863],[82.045,23.821],[82.162,23.82],[82.204,23.853],[82.226,23.807],[82.46,23.811],[82.516,23.784],[82.545,23.794],[82.527,23.824],[82.586,23.823],[82.652,23.857],[82.657,23.908],[82.748,23.922],[82.799,23.962],[82.95,23.873],[83.127,23.89],[83.19,23.921],[83.216,23.989],[83.276,24.023],[83.289,24.073],[83.328,24.1]]]]}},{"type":"Feature","properties":{"st_nm":"Dadra and Nagar Haveli"},"geometry":{"type":"MultiPolygon","coordinates":[[[[72.99,20.292],[73.02,20.291],[73.02,20.317],[73.044,20.291],[73.05,20.323],[73.091,20.327],[73.103,20.36],[73.113,20.305],[73.177,20.312],[73.179,20.286],[73.158,20.29],[73.064,20.203],[73.082,20.157],[73.15,20.173],[73.146,20.207],[73.228,20.187],[73.196,20.156],[73.219,20.097],[73.199,20.062],[73.061,20.099],[73.053,20.068],[73.01,20.11],[73.011,20.14],[72.985,20.113],[72.974,20.226],[72.922,20.274],[72.946,20.293],[72.984,20.272],[72.99,20.292]]]]}},{"type":"Feature","properties":{"st_nm":"Daman and Diu"},"geometry":{"type":"MultiPolygon","coordinates":[[[[72.86,20.471],[72.837,20.422],[72.876,20.381],[72.845,20.407],[72.822,20.371],[72.83,20.44],[72.86,20.471]]],[[[70.889,20.71],[70.888,20.709],[70.885,20.71],[70.884,20.71],[70.877,20.709],[70.875,20.709],[70.874,20.71],[70.888,20.711],[70.889,20.71]]],[[[70.949,20.734],[70.998,20.714],[70.892,20.708],[70.949,20.734]]],[[[70.768,20.962],[70.846,20.971],[70.88,20.955],[70.902,20.903],[70.884,20.873],[70.817,20.851],[70.896,20.825],[70.894,20.795],[70.867,20.795],[70.867,20.765],[70.844,20.76],[70.84,20.728],[70.874,20.705],[70.838,20.69],[70.807,20.7],[70.828,20.698],[70.817,20.719],[70.804,20.701],[70.674,20.758],[70.679,20.844],[70.734,20.988],[70.768,20.962]]]]}},{"type":"Feature","properties":{"st_nm":"Delhi"},"geometry":{"type":"MultiPolygon","coordinates":[[[[77.217,28.835],[77.197,28.795],[77.285,28.712],[77.323,28.716],[77.311,28.645],[77.338,28.617],[77.294,28.58],[77.338,28.509],[77.243,28.485],[77.226,28.464],[77.241,28.429],[77.166,28.408],[77.072,28.52],[77.006,28.543],[77.006,28.514],[76.879,28.509],[76.838,28.557],[76.835,28.591],[76.878,28.638],[76.934,28.638],[76.917,28.657],[76.955,28.705],[76.942,28.821],[77.032,28.837],[77.076,28.885],[77.139,28.842],[77.2,28.865],[77.217,28.835]]]]}},{"type":"Feature","properties":{"st_nm":"Goa"},"geometry":{"type":"MultiPolygon","coordinates":[[[[73.782,15.356],[73.783,15.351],[73.778,15.351],[73.767,15.351],[73.761,15.354],[73.767,15.352],[73.78,15.355],[73.782,15.356]]],[[[73.797,15.379],[73.799,15.376],[73.798,15.373],[73.796,15.373],[73.794,15.374],[73.793,15.378],[73.797,15.379],[73.797,15.379]]],[[[73.864,15.408],[73.866,15.407],[73.865,15.404],[73.863,15.403],[73.862,15.404],[73.862,15.405],[73.862,15.407],[73.864,15.408]]],[[[73.88,15.779],[73.886,15.747],[73.945,15.742],[73.969,15.644],[74.002,15.609],[74.173,15.652],[74.19,15.681],[74.213,15.649],[74.232,15.667],[74.255,15.654],[74.254,15.566],[74.287,15.526],[74.256,15.49],[74.283,15.389],[74.328,15.367],[74.342,15.293],[74.258,15.258],[74.322,15.184],[74.278,15.096],[74.302,15.04],[74.262,14.991],[74.27,14.967],[74.212,14.921],[74.187,14.953],[74.166,14.939],[74.175,14.909],[74.139,14.92],[74.097,14.896],[74.043,14.918],[74.053,14.958],[74.034,14.984],[74.05,14.988],[73.989,15.02],[73.967,15.066],[73.912,15.084],[73.948,15.146],[73.887,15.35],[73.808,15.377],[73.783,15.409],[73.877,15.397],[73.897,15.415],[73.849,15.452],[73.788,15.462],[73.805,15.495],[73.765,15.495],[73.731,15.59],[73.755,15.617],[73.723,15.63],[73.679,15.722],[73.793,15.724],[73.833,15.738],[73.865,15.798],[73.88,15.779]]]]}},{"type":"Feature","properties":{"st_nm":"Gujarat"},"geometry":{"type":"MultiPolygon","coordinates":[[[[70.861,20.753],[70.87,20.719],[70.84,20.728],[70.861,20.753]]],[[[72.846,20.763],[72.852,20.762],[72.855,20.76],[72.857,20.755],[72.849,20.753],[72.846,20.755],[72.844,20.762],[72.846,20.763]]],[[[71.388,20.867],[71.388,20.866],[71.387,20.864],[71.387,20.864],[71.386,20.865],[71.387,20.866],[71.387,20.867],[71.388,20.867]]],[[[71.516,20.914],[71.52,20.906],[71.53,20.903],[71.518,20.904],[71.507,20.903],[71.512,20.909],[71.516,20.914]]],[[[71.649,20.978],[71.649,20.976],[71.647,20.975],[71.644,20.975],[71.645,20.976],[71.646,20.977],[71.649,20.978],[71.649,20.978]]],[[[71.687,20.997],[71.685,20.992],[71.678,20.989],[71.676,20.986],[71.675,20.99],[71.675,20.993],[71.687,20.997],[71.687,20.997]]],[[[71.704,21.0],[71.705,20.998],[71.704,20.996],[71.702,20.997],[71.696,20.997],[71.697,20.998],[71.704,21.0],[71.704,21.0]]],[[[71.71,21.0],[71.713,20.999],[71.713,20.997],[71.71,20.997],[71.706,20.997],[71.707,20.999],[71.708,20.999],[71.71,21.0]]],[[[72.648,21.076],[72.653,21.074],[72.656,21.069],[72.656,21.067],[72.648,21.068],[72.646,21.071],[72.648,21.076],[72.648,21.076]]],[[[72.679,21.099],[72.68,21.098],[72.68,21.097],[72.68,21.096],[72.68,21.097],[72.679,21.098],[72.679,21.099],[72.679,21.099]]],[[[72.672,21.115],[72.673,21.103],[72.676,21.1],[72.674,21.099],[72.671,21.101],[72.67,21.108],[72.67,21.115],[72.672,21.115]]],[[[72.702,21.122],[72.703,21.115],[72.701,21.113],[72.698,21.114],[72.698,21.119],[72.7,21.12],[72.702,21.122],[72.702,21.122]]],[[[72.677,21.156],[72.71,21.141],[72.689,21.09],[72.677,21.156]]],[[[72.103,21.274],[72.102,21.27],[72.101,21.268],[72.1,21.266],[72.1,21.268],[72.102,21.27],[72.103,21.274],[72.103,21.274]]],[[[72.588,21.339],[72.587,21.337],[72.586,21.337],[72.586,21.337],[72.586,21.338],[72.587,21.338],[72.588,21.34],[72.588,21.339]]],[[[72.583,21.365],[72.583,21.363],[72.582,21.362],[72.58,21.361],[72.579,21.36],[72.58,21.365],[72.583,21.365],[72.583,21.365]]],[[[72.6,21.387],[72.596,21.374],[72.592,21.37],[72.589,21.369],[72.59,21.374],[72.594,21.381],[72.6,21.387],[72.6,21.387]]],[[[72.628,21.417],[72.624,21.407],[72.619,21.401],[72.612,21.397],[72.617,21.404],[72.622,21.41],[72.627,21.416],[72.628,21.417]]],[[[72.636,21.418],[72.637,21.415],[72.635,21.413],[72.634,21.412],[72.632,21.413],[72.633,21.415],[72.635,21.416],[72.636,21.418]]],[[[72.676,21.447],[72.674,21.442],[72.67,21.44],[72.665,21.439],[72.665,21.443],[72.669,21.445],[72.676,21.447]]],[[[69.724,21.564],[69.724,21.562],[69.723,21.558],[69.72,21.554],[69.719,21.558],[69.721,21.562],[69.724,21.564],[69.724,21.564]]],[[[69.728,21.612],[69.735,21.606],[69.737,21.595],[69.737,21.593],[69.732,21.599],[69.728,21.605],[69.728,21.612],[69.728,21.612]]],[[[72.353,21.613],[72.36,21.602],[72.365,21.596],[72.362,21.583],[72.352,21.59],[72.346,21.602],[72.352,21.613],[72.353,21.613]]],[[[72.585,21.629],[72.584,21.626],[72.582,21.626],[72.581,21.627],[72.582,21.627],[72.582,21.628],[72.583,21.628],[72.583,21.629],[72.585,21.629]]],[[[72.609,21.629],[72.608,21.625],[72.607,21.622],[72.607,21.619],[72.605,21.621],[72.606,21.626],[72.61,21.629],[72.609,21.629]]],[[[72.612,21.632],[72.611,21.631],[72.611,21.63],[72.61,21.63],[72.61,21.631],[72.611,21.632],[72.612,21.632]]],[[[72.617,21.638],[72.617,21.637],[72.616,21.636],[72.615,21.635],[72.615,21.637],[72.615,21.637],[72.617,21.638],[72.617,21.638]]],[[[72.596,21.639],[72.612,21.636],[72.599,21.617],[72.596,21.639]]],[[[72.62,21.64],[72.62,21.639],[72.619,21.639],[72.618,21.639],[72.618,21.638],[72.617,21.639],[72.617,21.64],[72.619,21.639],[72.62,21.64],[72.62,21.64]]],[[[72.602,21.641],[72.6,21.638],[72.598,21.637],[72.597,21.64],[72.597,21.641],[72.6,21.64],[72.603,21.641],[72.602,21.641]]],[[[72.723,21.666],[72.751,21.653],[72.717,21.645],[72.723,21.666]]],[[[72.274,21.75],[72.282,21.736],[72.285,21.715],[72.284,21.711],[72.276,21.723],[72.269,21.734],[72.273,21.749],[72.274,21.75]]],[[[72.355,21.943],[72.358,21.932],[72.359,21.927],[72.355,21.929],[72.35,21.927],[72.35,21.933],[72.354,21.943],[72.355,21.943]]],[[[72.214,22.005],[72.212,22.003],[72.215,22.003],[72.216,22.002],[72.213,22.002],[72.21,22.004],[72.212,22.005],[72.214,22.005]]],[[[72.473,22.208],[72.472,22.207],[72.471,22.203],[72.469,22.203],[72.47,22.206],[72.471,22.207],[72.473,22.208],[72.473,22.208]]],[[[72.384,22.216],[72.389,22.214],[72.391,22.212],[72.387,22.21],[72.388,22.212],[72.385,22.214],[72.384,22.216],[72.384,22.216]]],[[[72.371,22.235],[72.37,22.226],[72.373,22.211],[72.374,22.204],[72.365,22.21],[72.366,22.229],[72.371,22.235],[72.371,22.235]]],[[[69.31,22.306],[69.311,22.305],[69.312,22.304],[69.312,22.303],[69.31,22.304],[69.309,22.305],[69.31,22.306],[69.31,22.306]]],[[[69.453,22.358],[69.457,22.356],[69.455,22.352],[69.444,22.352],[69.437,22.354],[69.443,22.357],[69.45,22.358],[69.453,22.358]]],[[[69.184,22.368],[69.186,22.367],[69.184,22.364],[69.184,22.365],[69.183,22.366],[69.183,22.367],[69.184,22.368],[69.184,22.368]]],[[[69.195,22.375],[69.196,22.37],[69.195,22.368],[69.193,22.369],[69.192,22.37],[69.193,22.372],[69.195,22.375],[69.195,22.375]]],[[[69.213,22.385],[69.215,22.384],[69.215,22.383],[69.214,22.383],[69.213,22.383],[69.213,22.384],[69.213,22.385],[69.213,22.385]]],[[[69.201,22.386],[69.2,22.385],[69.2,22.384],[69.199,22.384],[69.199,22.386],[69.2,22.387],[69.202,22.388],[69.201,22.386],[69.201,22.386]]],[[[69.335,22.389],[69.34,22.384],[69.334,22.377],[69.329,22.375],[69.324,22.379],[69.33,22.383],[69.335,22.389],[69.335,22.389]]],[[[69.483,22.399],[69.486,22.397],[69.488,22.394],[69.488,22.39],[69.485,22.388],[69.48,22.392],[69.483,22.396],[69.483,22.399]]],[[[69.28,22.418],[69.281,22.417],[69.281,22.416],[69.28,22.416],[69.279,22.415],[69.278,22.416],[69.278,22.417],[69.28,22.418],[69.28,22.418]]],[[[69.279,22.42],[69.279,22.419],[69.277,22.418],[69.275,22.419],[69.276,22.42],[69.277,22.42],[69.279,22.42],[69.279,22.42]]],[[[69.142,22.458],[69.142,22.454],[69.142,22.453],[69.142,22.453],[69.141,22.454],[69.141,22.455],[69.141,22.457],[69.142,22.458],[69.142,22.458]]],[[[69.628,22.46],[69.657,22.428],[69.637,22.407],[69.588,22.437],[69.628,22.46]]],[[[69.302,22.474],[69.327,22.457],[69.301,22.453],[69.302,22.474]]],[[[69.137,22.478],[69.147,22.463],[69.111,22.464],[69.085,22.421],[69.093,22.462],[69.137,22.478]]],[[[69.089,22.491],[69.088,22.489],[69.087,22.487],[69.085,22.486],[69.085,22.487],[69.087,22.489],[69.088,22.49],[69.089,22.491]]],[[[69.324,22.528],[69.349,22.526],[69.359,22.519],[69.355,22.508],[69.335,22.508],[69.322,22.516],[69.321,22.527],[69.324,22.528]]],[[[69.945,22.532],[69.947,22.532],[69.947,22.531],[69.947,22.53],[69.946,22.53],[69.945,22.53],[69.943,22.53],[69.945,22.532],[69.945,22.532]]],[[[69.405,22.533],[69.406,22.528],[69.406,22.525],[69.403,22.524],[69.402,22.525],[69.403,22.53],[69.404,22.532],[69.405,22.533]]],[[[69.957,22.536],[69.957,22.535],[69.955,22.533],[69.952,22.533],[69.953,22.534],[69.955,22.535],[69.957,22.536],[69.957,22.536]]],[[[69.96,22.544],[69.963,22.541],[69.96,22.54],[69.956,22.537],[69.955,22.537],[69.957,22.54],[69.959,22.543],[69.96,22.544]]],[[[69.952,22.551],[69.955,22.548],[69.957,22.543],[69.953,22.537],[69.942,22.537],[69.939,22.548],[69.952,22.551]]],[[[69.919,22.553],[69.942,22.518],[69.862,22.527],[69.895,22.523],[69.919,22.553]]],[[[70.024,22.553],[70.023,22.551],[70.021,22.549],[70.015,22.548],[70.012,22.55],[70.018,22.552],[70.024,22.553],[70.024,22.553]]],[[[70.011,22.554],[70.012,22.552],[70.007,22.55],[69.996,22.548],[69.998,22.551],[70.001,22.552],[70.01,22.553],[70.011,22.554]]],[[[70.023,22.558],[70.025,22.555],[70.02,22.554],[70.013,22.553],[70.013,22.555],[70.015,22.557],[70.018,22.558],[70.023,22.558]]],[[[70.04,22.568],[70.04,22.567],[70.041,22.567],[70.04,22.565],[70.038,22.565],[70.039,22.567],[70.04,22.568],[70.04,22.568]]],[[[70.045,22.572],[70.045,22.571],[70.045,22.569],[70.044,22.568],[70.042,22.567],[70.043,22.571],[70.044,22.572],[70.045,22.572]]],[[[70.182,22.584],[70.182,22.583],[70.183,22.583],[70.183,22.581],[70.181,22.581],[70.18,22.583],[70.181,22.583],[70.181,22.584],[70.182,22.584]]],[[[70.009,22.593],[70.027,22.568],[69.958,22.55],[69.965,22.578],[70.009,22.593]]],[[[70.19,22.6],[70.191,22.599],[70.192,22.599],[70.192,22.598],[70.189,22.598],[70.189,22.598],[70.19,22.6],[70.19,22.6]]],[[[69.948,22.606],[69.954,22.605],[69.96,22.602],[69.963,22.598],[69.957,22.595],[69.951,22.598],[69.948,22.606],[69.948,22.606]]],[[[70.216,22.647],[70.218,22.646],[70.22,22.644],[70.22,22.642],[70.22,22.64],[70.217,22.642],[70.216,22.647],[70.216,22.647]]],[[[70.236,22.685],[70.236,22.684],[70.237,22.683],[70.238,22.682],[70.237,22.682],[70.235,22.682],[70.235,22.684],[70.236,22.685],[70.236,22.685]]],[[[70.243,22.685],[70.243,22.683],[70.242,22.683],[70.24,22.682],[70.239,22.683],[70.24,22.683],[70.243,22.685],[70.243,22.685]]],[[[70.247,22.692],[70.247,22.689],[70.245,22.687],[70.243,22.688],[70.242,22.689],[70.244,22.691],[70.247,22.691],[70.247,22.692]]],[[[70.244,22.72],[70.245,22.717],[70.246,22.715],[70.246,22.713],[70.245,22.712],[70.244,22.713],[70.244,22.72],[70.244,22.72]]],[[[69.643,22.765],[69.65,22.76],[69.663,22.755],[69.661,22.752],[69.647,22.755],[69.637,22.761],[69.638,22.765],[69.643,22.765]]],[[[69.637,22.78],[69.637,22.779],[69.638,22.777],[69.636,22.776],[69.635,22.777],[69.635,22.779],[69.637,22.78],[69.637,22.78]]],[[[70.455,22.996],[70.45,22.986],[70.443,22.981],[70.434,22.981],[70.441,22.987],[70.448,22.992],[70.455,22.996],[70.455,22.996]]],[[[70.442,23.05],[70.435,23.041],[70.427,23.033],[70.417,23.025],[70.418,23.035],[70.425,23.042],[70.442,23.05],[70.442,23.05]]],[[[70.448,23.052],[70.438,23.023],[70.426,23.002],[70.412,22.995],[70.42,23.026],[70.434,23.039],[70.448,23.052],[70.448,23.052]]],[[[70.452,23.052],[70.452,23.051],[70.45,23.05],[70.451,23.052],[70.452,23.052],[70.453,23.053],[70.453,23.052],[70.452,23.052]]],[[[70.459,23.058],[70.456,23.052],[70.453,23.047],[70.452,23.048],[70.455,23.054],[70.45,23.052],[70.458,23.058],[70.459,23.058]]],[[[70.452,23.061],[70.451,23.059],[70.45,23.058],[70.446,23.058],[70.447,23.059],[70.45,23.06],[70.452,23.061],[70.452,23.061]]],[[[70.47,23.061],[70.468,23.059],[70.464,23.057],[70.461,23.056],[70.461,23.058],[70.465,23.06],[70.47,23.061]]],[[[70.482,23.065],[70.472,23.052],[70.461,23.043],[70.451,23.026],[70.455,23.045],[70.464,23.055],[70.481,23.065],[70.482,23.065]]],[[[68.609,23.231],[68.611,23.228],[68.613,23.223],[68.61,23.222],[68.606,23.222],[68.604,23.225],[68.607,23.231],[68.609,23.231]]],[[[68.594,23.262],[68.595,23.262],[68.597,23.26],[68.597,23.26],[68.595,23.26],[68.594,23.26],[68.594,23.262],[68.594,23.262]]],[[[68.658,23.271],[68.659,23.27],[68.66,23.269],[68.66,23.268],[68.657,23.268],[68.657,23.27],[68.658,23.271],[68.658,23.271]]],[[[68.629,23.29],[68.629,23.29],[68.629,23.289],[68.629,23.287],[68.628,23.285],[68.628,23.286],[68.628,23.287],[68.628,23.289],[68.629,23.29],[68.629,23.29]]],[[[68.705,23.312],[68.708,23.31],[68.707,23.309],[68.708,23.307],[68.704,23.308],[68.7,23.31],[68.703,23.312],[68.705,23.312]]],[[[68.558,23.314],[68.612,23.297],[68.615,23.272],[68.574,23.245],[68.541,23.266],[68.541,23.285],[68.568,23.281],[68.558,23.314]]],[[[68.643,23.314],[68.646,23.309],[68.641,23.31],[68.637,23.308],[68.632,23.31],[68.635,23.313],[68.642,23.313],[68.643,23.314]]],[[[68.633,23.318],[68.634,23.316],[68.633,23.314],[68.633,23.313],[68.631,23.312],[68.631,23.313],[68.632,23.316],[68.633,23.318]]],[[[68.64,23.318],[68.641,23.317],[68.642,23.318],[68.643,23.318],[68.643,23.317],[68.643,23.316],[68.64,23.316],[68.64,23.318]]],[[[68.588,23.319],[68.606,23.311],[68.609,23.313],[68.618,23.301],[68.6,23.302],[68.59,23.31],[68.588,23.319],[68.588,23.319]]],[[[68.632,23.321],[68.632,23.32],[68.632,23.319],[68.632,23.319],[68.631,23.32],[68.632,23.321],[68.632,23.321],[68.632,23.321]]],[[[68.627,23.322],[68.63,23.318],[68.628,23.312],[68.627,23.312],[68.627,23.315],[68.627,23.319],[68.627,23.322]]],[[[68.627,23.326],[68.628,23.325],[68.629,23.323],[68.628,23.322],[68.627,23.323],[68.626,23.324],[68.625,23.326],[68.627,23.326]]],[[[68.542,23.342],[68.544,23.339],[68.542,23.337],[68.542,23.338],[68.541,23.339],[68.541,23.34],[68.542,23.341],[68.542,23.342]]],[[[68.55,23.342],[68.551,23.34],[68.548,23.339],[68.545,23.339],[68.546,23.34],[68.548,23.34],[68.55,23.341],[68.55,23.342]]],[[[68.557,23.342],[68.556,23.341],[68.555,23.339],[68.554,23.34],[68.553,23.341],[68.553,23.342],[68.557,23.342],[68.557,23.342]]],[[[68.506,23.342],[68.538,23.318],[68.502,23.324],[68.506,23.342]]],[[[68.525,23.344],[68.531,23.343],[68.532,23.342],[68.531,23.339],[68.528,23.341],[68.525,23.342],[68.523,23.343],[68.525,23.344]]],[[[68.564,23.345],[68.565,23.344],[68.565,23.343],[68.563,23.342],[68.561,23.343],[68.562,23.344],[68.563,23.344],[68.564,23.345]]],[[[68.632,23.352],[68.633,23.347],[68.634,23.343],[68.631,23.345],[68.632,23.348],[68.63,23.35],[68.63,23.351],[68.632,23.352]]],[[[68.473,23.357],[68.474,23.356],[68.476,23.355],[68.475,23.353],[68.474,23.355],[68.472,23.356],[68.473,23.357],[68.473,23.357]]],[[[68.573,23.36],[68.574,23.358],[68.575,23.355],[68.573,23.353],[68.57,23.357],[68.571,23.36],[68.573,23.36],[68.573,23.36]]],[[[68.598,23.361],[68.599,23.36],[68.599,23.36],[68.598,23.36],[68.597,23.36],[68.596,23.36],[68.597,23.361],[68.598,23.361]]],[[[68.589,23.374],[68.617,23.328],[68.568,23.372],[68.589,23.374]]],[[[68.541,23.378],[68.541,23.377],[68.54,23.376],[68.539,23.375],[68.538,23.375],[68.539,23.377],[68.54,23.377],[68.541,23.378]]],[[[68.503,23.383],[68.503,23.382],[68.504,23.38],[68.505,23.377],[68.503,23.378],[68.502,23.38],[68.503,23.382],[68.503,23.383]]],[[[68.505,23.385],[68.505,23.384],[68.505,23.381],[68.504,23.381],[68.504,23.382],[68.505,23.383],[68.504,23.383],[68.504,23.385],[68.505,23.385]]],[[[68.536,23.385],[68.539,23.382],[68.542,23.381],[68.54,23.38],[68.538,23.38],[68.536,23.382],[68.536,23.385],[68.536,23.385]]],[[[68.579,23.385],[68.583,23.383],[68.586,23.38],[68.586,23.376],[68.583,23.379],[68.581,23.382],[68.578,23.384],[68.579,23.385]]],[[[68.535,23.388],[68.532,23.381],[68.537,23.377],[68.536,23.375],[68.533,23.372],[68.531,23.383],[68.535,23.388]]],[[[68.554,23.404],[68.557,23.404],[68.557,23.403],[68.554,23.403],[68.554,23.402],[68.553,23.402],[68.553,23.402],[68.553,23.403],[68.554,23.404],[68.554,23.404]]],[[[68.537,23.405],[68.567,23.376],[68.556,23.36],[68.537,23.405]]],[[[68.461,23.405],[68.462,23.404],[68.466,23.404],[68.468,23.404],[68.467,23.403],[68.462,23.403],[68.46,23.404],[68.461,23.405]]],[[[68.523,23.405],[68.526,23.399],[68.525,23.395],[68.528,23.388],[68.523,23.39],[68.52,23.395],[68.523,23.405],[68.523,23.405]]],[[[68.471,23.406],[68.471,23.405],[68.474,23.404],[68.476,23.403],[68.472,23.404],[68.47,23.404],[68.471,23.406],[68.471,23.406]]],[[[68.43,23.407],[68.431,23.407],[68.432,23.406],[68.431,23.405],[68.43,23.405],[68.43,23.406],[68.429,23.407],[68.43,23.407],[68.43,23.407]]],[[[68.463,23.409],[68.464,23.406],[68.465,23.405],[68.462,23.406],[68.462,23.406],[68.462,23.408],[68.463,23.409],[68.463,23.409]]],[[[68.409,23.409],[68.409,23.409],[68.41,23.408],[68.41,23.408],[68.41,23.406],[68.409,23.406],[68.409,23.406],[68.409,23.408],[68.409,23.409],[68.409,23.409]]],[[[68.558,23.409],[68.557,23.407],[68.554,23.405],[68.552,23.405],[68.554,23.406],[68.556,23.407],[68.557,23.409],[68.558,23.409]]],[[[68.415,23.41],[68.418,23.406],[68.42,23.403],[68.421,23.405],[68.42,23.401],[68.413,23.405],[68.413,23.408],[68.415,23.41]]],[[[68.461,23.413],[68.462,23.412],[68.463,23.411],[68.461,23.412],[68.459,23.412],[68.458,23.412],[68.461,23.413],[68.461,23.413]]],[[[68.55,23.414],[68.547,23.41],[68.544,23.407],[68.542,23.406],[68.544,23.409],[68.547,23.412],[68.55,23.414],[68.55,23.414]]],[[[68.4,23.421],[68.401,23.42],[68.403,23.418],[68.402,23.416],[68.4,23.417],[68.399,23.419],[68.4,23.421],[68.4,23.421]]],[[[68.402,23.423],[68.402,23.423],[68.403,23.422],[68.402,23.421],[68.402,23.42],[68.402,23.421],[68.401,23.421],[68.402,23.423],[68.402,23.423],[68.402,23.423]]],[[[68.4,23.428],[68.401,23.427],[68.401,23.423],[68.398,23.422],[68.398,23.424],[68.399,23.427],[68.4,23.428],[68.4,23.428]]],[[[68.502,23.432],[68.502,23.431],[68.501,23.431],[68.5,23.43],[68.501,23.431],[68.501,23.432],[68.502,23.432],[68.502,23.432],[68.502,23.432],[68.502,23.432]]],[[[68.517,23.433],[68.517,23.432],[68.516,23.43],[68.516,23.43],[68.514,23.431],[68.514,23.431],[68.514,23.432],[68.517,23.433],[68.517,23.433]]],[[[68.501,23.436],[68.5,23.435],[68.499,23.435],[68.498,23.434],[68.497,23.435],[68.498,23.436],[68.501,23.436],[68.501,23.436]]],[[[68.501,23.444],[68.502,23.443],[68.501,23.439],[68.5,23.441],[68.499,23.442],[68.5,23.443],[68.501,23.444],[68.501,23.444]]],[[[68.501,23.453],[68.502,23.449],[68.5,23.445],[68.497,23.447],[68.497,23.45],[68.5,23.452],[68.501,23.453],[68.501,23.453]]],[[[68.507,23.457],[68.526,23.436],[68.503,23.429],[68.507,23.457]]],[[[68.408,23.458],[68.407,23.455],[68.406,23.452],[68.403,23.452],[68.401,23.454],[68.406,23.457],[68.407,23.458],[68.408,23.458]]],[[[68.499,23.476],[68.5,23.467],[68.501,23.462],[68.501,23.456],[68.499,23.462],[68.497,23.47],[68.496,23.475],[68.499,23.476]]],[[[68.473,23.48],[68.495,23.456],[68.485,23.403],[68.458,23.418],[68.475,23.46],[68.418,23.44],[68.421,23.42],[68.412,23.443],[68.473,23.48]]],[[[68.498,23.489],[68.496,23.478],[68.489,23.475],[68.485,23.477],[68.484,23.481],[68.487,23.486],[68.498,23.489],[68.498,23.489]]],[[[68.507,23.493],[68.508,23.492],[68.508,23.492],[68.509,23.491],[68.507,23.49],[68.506,23.491],[68.507,23.493],[68.507,23.493]]],[[[68.511,23.493],[68.512,23.492],[68.511,23.491],[68.511,23.491],[68.51,23.491],[68.51,23.492],[68.51,23.492],[68.509,23.492],[68.511,23.493],[68.511,23.493]]],[[[68.487,23.495],[68.488,23.493],[68.489,23.493],[68.489,23.489],[68.487,23.487],[68.486,23.49],[68.486,23.494],[68.487,23.495]]],[[[68.467,23.498],[68.472,23.492],[68.471,23.482],[68.462,23.48],[68.461,23.489],[68.466,23.491],[68.466,23.498],[68.467,23.498]]],[[[68.437,23.5],[68.438,23.5],[68.44,23.499],[68.438,23.498],[68.437,23.499],[68.437,23.5],[68.437,23.5],[68.437,23.5]]],[[[68.481,23.501],[68.486,23.488],[68.481,23.478],[68.478,23.486],[68.476,23.487],[68.478,23.492],[68.481,23.501]]],[[[68.468,23.524],[68.47,23.52],[68.468,23.518],[68.467,23.519],[68.463,23.517],[68.466,23.52],[68.468,23.524],[68.468,23.524]]],[[[68.475,23.529],[68.474,23.527],[68.473,23.522],[68.471,23.522],[68.469,23.524],[68.47,23.527],[68.472,23.528],[68.475,23.529]]],[[[68.473,23.537],[68.475,23.535],[68.477,23.533],[68.475,23.531],[68.473,23.532],[68.472,23.534],[68.473,23.537],[68.473,23.537]]],[[[68.482,23.55],[68.483,23.55],[68.483,23.549],[68.483,23.547],[68.482,23.547],[68.482,23.548],[68.482,23.549],[68.482,23.55],[68.482,23.55]]],[[[68.479,23.555],[68.475,23.539],[68.463,23.534],[68.458,23.532],[68.454,23.536],[68.463,23.545],[68.479,23.555],[68.479,23.555]]],[[[68.223,23.586],[68.227,23.585],[68.228,23.585],[68.227,23.584],[68.224,23.584],[68.223,23.585],[68.223,23.586],[68.223,23.586]]],[[[68.255,23.59],[68.257,23.585],[68.255,23.584],[68.252,23.582],[68.25,23.584],[68.245,23.587],[68.249,23.59],[68.255,23.59]]],[[[68.216,23.591],[68.217,23.588],[68.218,23.587],[68.217,23.586],[68.215,23.587],[68.215,23.588],[68.215,23.591],[68.216,23.591]]],[[[68.482,23.597],[68.481,23.561],[68.43,23.508],[68.435,23.557],[68.482,23.597]]],[[[68.458,23.6],[68.466,23.589],[68.463,23.578],[68.449,23.574],[68.45,23.58],[68.457,23.588],[68.455,23.6],[68.458,23.6]]],[[[68.482,23.607],[68.484,23.605],[68.486,23.603],[68.484,23.601],[68.482,23.599],[68.479,23.6],[68.481,23.606],[68.482,23.607]]],[[[68.456,23.625],[68.467,23.601],[68.44,23.587],[68.435,23.616],[68.456,23.625]]],[[[68.485,23.628],[68.491,23.604],[68.468,23.593],[68.485,23.628]]],[[[68.478,23.722],[68.482,23.72],[68.479,23.717],[68.475,23.715],[68.472,23.716],[68.473,23.72],[68.478,23.722],[68.478,23.722]]],[[[68.45,23.732],[68.45,23.732],[68.45,23.731],[68.449,23.73],[68.448,23.731],[68.448,23.732],[68.448,23.733],[68.45,23.732]]],[[[68.467,23.74],[68.488,23.729],[68.459,23.725],[68.467,23.74]]],[[[68.487,23.746],[68.485,23.739],[68.484,23.737],[68.482,23.737],[68.483,23.74],[68.484,23.743],[68.486,23.745],[68.487,23.746]]],[[[68.217,23.779],[68.222,23.774],[68.223,23.762],[68.22,23.758],[68.216,23.757],[68.216,23.767],[68.217,23.779],[68.217,23.779]]],[[[68.349,23.8],[68.347,23.781],[68.344,23.778],[68.341,23.784],[68.343,23.792],[68.346,23.797],[68.35,23.8],[68.349,23.8]]],[[[68.358,23.805],[68.426,23.795],[68.399,23.751],[68.417,23.76],[68.418,23.724],[68.39,23.654],[68.375,23.643],[68.39,23.686],[68.347,23.598],[68.315,23.583],[68.274,23.592],[68.293,23.6],[68.278,23.631],[68.307,23.631],[68.277,23.633],[68.264,23.602],[68.242,23.606],[68.25,23.591],[68.197,23.597],[68.205,23.648],[68.312,23.65],[68.231,23.643],[68.27,23.65],[68.318,23.718],[68.334,23.711],[68.358,23.805]]],[[[68.605,23.81],[68.606,23.803],[68.603,23.8],[68.598,23.797],[68.594,23.8],[68.599,23.805],[68.604,23.809],[68.605,23.81]]],[[[68.597,23.813],[68.596,23.812],[68.596,23.812],[68.595,23.81],[68.594,23.811],[68.594,23.812],[68.594,23.812],[68.595,23.813],[68.597,23.813]]],[[[68.308,23.824],[68.324,23.734],[68.291,23.728],[68.286,23.755],[68.295,23.723],[68.274,23.701],[68.257,23.716],[68.268,23.772],[68.308,23.824]]],[[[68.497,23.831],[68.52,23.818],[68.498,23.795],[68.517,23.755],[68.49,23.76],[68.507,23.748],[68.488,23.737],[68.465,23.775],[68.477,23.741],[68.437,23.739],[68.448,23.807],[68.497,23.831]]],[[[68.707,23.851],[68.71,23.85],[68.71,23.849],[68.708,23.85],[68.705,23.848],[68.704,23.85],[68.703,23.85],[68.707,23.851]]],[[[68.699,23.853],[68.701,23.852],[68.699,23.851],[68.698,23.85],[68.695,23.849],[68.696,23.852],[68.698,23.853],[68.699,23.853]]],[[[68.533,23.874],[68.532,23.863],[68.528,23.86],[68.525,23.86],[68.527,23.864],[68.53,23.869],[68.532,23.873],[68.533,23.874]]],[[[68.396,23.878],[68.439,23.839],[68.427,23.81],[68.412,23.821],[68.405,23.793],[68.38,23.838],[68.402,23.79],[68.355,23.811],[68.33,23.787],[68.344,23.839],[68.396,23.878]]],[[[68.248,23.88],[68.234,23.843],[68.216,23.848],[68.248,23.88]]],[[[68.449,23.938],[68.442,23.87],[68.42,23.871],[68.422,23.895],[68.417,23.872],[68.377,23.877],[68.35,23.846],[68.368,23.891],[68.353,23.901],[68.449,23.938]]],[[[68.535,23.946],[68.589,23.917],[68.517,23.857],[68.486,23.89],[68.526,23.893],[68.535,23.946]]],[[[68.526,23.95],[68.525,23.948],[68.523,23.946],[68.521,23.946],[68.519,23.947],[68.518,23.948],[68.515,23.949],[68.526,23.95]]],[[[68.482,23.993],[68.518,23.924],[68.468,23.895],[68.473,23.863],[68.443,23.848],[68.428,23.862],[68.463,23.932],[68.428,23.938],[68.448,23.981],[68.482,23.993]]],[[[68.43,23.995],[68.413,23.927],[68.345,23.901],[68.338,23.819],[68.304,23.825],[68.266,23.793],[68.267,23.692],[68.238,23.681],[68.193,23.731],[68.234,23.775],[68.213,23.835],[68.245,23.854],[68.26,23.825],[68.287,23.839],[68.249,23.854],[68.318,23.879],[68.259,23.875],[68.277,23.915],[68.335,23.918],[68.36,23.978],[68.396,23.965],[68.43,23.995]]],[[[72.102,24.643],[72.186,24.609],[72.23,24.633],[72.354,24.618],[72.326,24.587],[72.279,24.6],[72.251,24.58],[72.295,24.538],[72.358,24.553],[72.386,24.501],[72.442,24.504],[72.437,24.461],[72.465,24.407],[72.508,24.41],[72.501,24.45],[72.545,24.507],[72.589,24.473],[72.697,24.457],[72.693,24.419],[72.733,24.361],[72.868,24.366],[72.924,24.326],[72.991,24.364],[72.964,24.392],[73.013,24.482],[73.051,24.465],[73.099,24.491],[73.108,24.426],[73.085,24.394],[73.17,24.351],[73.211,24.375],[73.231,24.365],[73.211,24.334],[73.193,24.344],[73.181,24.301],[73.145,24.308],[73.083,24.185],[73.114,24.139],[73.224,24.098],[73.199,24.051],[73.246,24.011],[73.291,24.027],[73.332,24.074],[73.335,24.115],[73.373,24.128],[73.37,24.088],[73.414,24.051],[73.425,23.931],[73.362,23.862],[73.363,23.787],[73.376,23.767],[73.42,23.779],[73.509,23.703],[73.513,23.617],[73.577,23.655],[73.661,23.623],[73.637,23.548],[73.658,23.504],[73.633,23.452],[73.704,23.456],[73.726,23.413],[73.765,23.459],[73.783,23.435],[73.832,23.447],[73.894,23.337],[73.939,23.341],[73.962,23.381],[73.991,23.338],[74.033,23.332],[74.044,23.296],[74.107,23.294],[74.136,23.265],[74.127,23.179],[74.183,23.152],[74.208,23.192],[74.246,23.188],[74.283,23.095],[74.349,23.03],[74.371,22.977],[74.342,22.965],[74.362,22.933],[74.4,22.899],[74.451,22.924],[74.479,22.859],[74.403,22.731],[74.381,22.639],[74.265,22.645],[74.153,22.517],[74.078,22.552],[74.045,22.542],[74.037,22.492],[74.085,22.509],[74.078,22.466],[74.103,22.468],[74.123,22.421],[74.144,22.457],[74.161,22.432],[74.187,22.444],[74.191,22.478],[74.205,22.437],[74.254,22.433],[74.294,22.394],[74.258,22.4],[74.227,22.359],[74.207,22.368],[74.191,22.322],[74.134,22.332],[74.112,22.372],[74.072,22.36],[74.059,22.286],[74.092,22.244],[74.076,22.222],[74.123,22.213],[74.13,22.098],[74.181,22.087],[74.098,22.015],[74.154,21.986],[74.149,21.961],[73.811,21.823],[73.898,21.667],[73.87,21.639],[73.788,21.625],[73.823,21.601],[73.861,21.496],[73.957,21.516],[73.966,21.539],[73.986,21.521],[73.984,21.542],[74.026,21.553],[74.182,21.562],[74.205,21.529],[74.239,21.55],[74.27,21.536],[74.31,21.567],[74.336,21.54],[74.328,21.496],[74.258,21.464],[74.231,21.48],[74.223,21.459],[74.111,21.448],[74.067,21.482],[74.049,21.419],[73.953,21.402],[73.948,21.298],[73.892,21.262],[73.832,21.267],[73.823,21.172],[73.742,21.167],[73.737,21.138],[73.681,21.152],[73.636,21.133],[73.613,21.176],[73.588,21.168],[73.66,21.108],[73.753,21.114],[73.742,21.056],[73.775,21.01],[73.808,21.023],[73.816,20.996],[73.906,20.983],[73.895,20.94],[73.945,20.84],[73.95,20.742],[73.823,20.694],[73.845,20.667],[73.838,20.616],[73.748,20.567],[73.671,20.562],[73.607,20.636],[73.538,20.674],[73.498,20.653],[73.483,20.717],[73.454,20.71],[73.44,20.665],[73.403,20.643],[73.44,20.595],[73.481,20.584],[73.482,20.543],[73.501,20.54],[73.43,20.414],[73.391,20.39],[73.423,20.352],[73.43,20.206],[73.311,20.207],[73.259,20.125],[73.201,20.13],[73.196,20.156],[73.229,20.184],[73.18,20.209],[73.142,20.204],[73.152,20.176],[73.128,20.157],[73.072,20.163],[73.077,20.23],[73.18,20.29],[73.161,20.317],[73.113,20.305],[73.107,20.361],[73.091,20.327],[73.05,20.323],[73.044,20.291],[73.02,20.317],[73.02,20.291],[72.99,20.292],[72.984,20.272],[72.946,20.293],[72.925,20.279],[72.969,20.211],[72.875,20.226],[72.836,20.188],[72.835,20.145],[72.802,20.148],[72.802,20.125],[72.738,20.137],[72.74,20.243],[72.776,20.333],[72.831,20.369],[72.845,20.407],[72.876,20.381],[72.837,20.428],[72.892,20.531],[72.892,20.633],[72.851,20.742],[72.89,20.748],[72.835,20.782],[72.851,20.799],[72.792,20.897],[72.794,20.945],[72.777,20.915],[72.752,20.947],[72.723,21.049],[72.77,21.067],[72.704,21.075],[72.721,21.143],[72.667,21.155],[72.659,21.088],[72.627,21.076],[72.618,21.223],[72.653,21.227],[72.61,21.23],[72.605,21.277],[72.587,21.276],[72.596,21.316],[72.649,21.367],[72.623,21.365],[72.625,21.382],[72.697,21.465],[72.645,21.434],[72.674,21.52],[72.742,21.55],[72.683,21.543],[72.626,21.492],[72.597,21.552],[72.629,21.618],[72.701,21.652],[72.787,21.645],[72.835,21.668],[72.78,21.663],[72.736,21.69],[72.538,21.664],[72.507,21.701],[72.57,21.824],[72.518,21.857],[72.502,21.955],[72.547,22.15],[72.582,22.201],[72.647,22.217],[72.758,22.174],[72.808,22.245],[72.878,22.224],[72.91,22.243],[72.916,22.278],[72.889,22.244],[72.865,22.243],[72.844,22.282],[72.752,22.231],[72.688,22.238],[72.635,22.285],[72.541,22.243],[72.543,22.281],[72.486,22.197],[72.493,22.248],[72.471,22.239],[72.435,22.301],[72.389,22.31],[72.412,22.358],[72.394,22.383],[72.362,22.376],[72.404,22.353],[72.372,22.317],[72.414,22.297],[72.417,22.227],[72.4,22.199],[72.356,22.271],[72.362,22.205],[72.392,22.168],[72.376,22.15],[72.358,22.193],[72.343,22.125],[72.294,22.202],[72.324,22.13],[72.271,21.968],[72.278,21.932],[72.242,22.05],[72.298,22.063],[72.3,22.109],[72.277,22.091],[72.265,22.105],[72.278,22.08],[72.233,22.054],[72.233,22.018],[72.186,22.02],[72.172,22.042],[72.2,22.004],[72.231,22.008],[72.221,21.956],[72.191,21.942],[72.147,21.983],[72.147,21.955],[72.22,21.948],[72.253,21.897],[72.265,21.74],[72.247,21.791],[72.183,21.824],[72.241,21.787],[72.306,21.628],[72.223,21.439],[72.122,21.325],[72.109,21.283],[72.076,21.302],[72.114,21.197],[72.008,21.133],[72.011,21.186],[71.977,21.121],[71.82,21.072],[71.797,21.058],[71.807,21.038],[71.515,20.948],[71.516,20.922],[71.44,20.869],[71.378,20.874],[71.385,20.857],[71.05,20.731],[70.987,20.722],[70.987,20.746],[70.873,20.71],[70.92,20.737],[70.874,20.727],[70.844,20.76],[70.867,20.765],[70.867,20.795],[70.894,20.795],[70.896,20.825],[70.817,20.851],[70.9,20.886],[70.887,20.945],[70.846,20.971],[70.771,20.961],[70.736,20.99],[70.666,20.752],[70.439,20.853],[70.1,21.105],[69.778,21.458],[69.805,21.464],[69.775,21.46],[69.713,21.528],[69.764,21.579],[69.738,21.65],[69.725,21.632],[69.676,21.639],[69.717,21.603],[69.697,21.593],[69.633,21.643],[69.723,21.572],[69.711,21.539],[69.602,21.637],[69.588,21.621],[69.055,22.128],[68.957,22.238],[68.936,22.31],[68.985,22.414],[69.067,22.48],[69.085,22.472],[69.044,22.433],[69.069,22.396],[69.194,22.424],[69.204,22.402],[69.158,22.313],[69.233,22.258],[69.32,22.291],[69.334,22.33],[69.419,22.316],[69.488,22.338],[69.524,22.386],[69.498,22.436],[69.551,22.405],[69.562,22.356],[69.591,22.361],[69.576,22.319],[69.582,22.346],[69.609,22.349],[69.607,22.326],[69.618,22.368],[69.655,22.359],[69.664,22.394],[69.699,22.396],[69.698,22.443],[69.672,22.451],[69.703,22.447],[69.728,22.474],[69.745,22.431],[69.76,22.442],[69.798,22.4],[69.829,22.445],[69.797,22.457],[69.833,22.451],[69.834,22.501],[69.836,22.454],[69.87,22.447],[69.914,22.456],[69.935,22.513],[69.957,22.495],[69.946,22.528],[69.976,22.543],[70.023,22.54],[70.039,22.563],[70.163,22.552],[70.243,22.663],[70.253,22.733],[70.303,22.758],[70.493,23.075],[70.401,23.031],[70.387,22.948],[70.348,22.93],[70.238,22.98],[70.227,22.966],[70.198,22.998],[70.22,22.957],[70.162,22.943],[70.123,22.961],[70.153,23.03],[70.112,22.973],[70.127,22.947],[70.091,22.953],[70.139,22.941],[70.132,22.925],[69.798,22.851],[69.752,22.82],[69.705,22.728],[69.662,22.757],[69.667,22.777],[69.659,22.757],[69.643,22.766],[69.634,22.795],[69.641,22.767],[69.601,22.759],[69.555,22.792],[69.47,22.774],[69.356,22.829],[69.191,22.841],[68.659,23.15],[68.631,23.177],[68.682,23.142],[68.585,23.235],[68.631,23.213],[68.604,23.243],[68.672,23.27],[68.641,23.267],[68.63,23.296],[68.725,23.296],[68.758,23.33],[68.724,23.297],[68.708,23.315],[68.659,23.303],[68.669,23.325],[68.65,23.304],[68.606,23.381],[68.602,23.359],[68.558,23.387],[68.56,23.419],[68.536,23.421],[68.516,23.475],[68.523,23.447],[68.502,23.465],[68.519,23.49],[68.492,23.501],[68.497,23.653],[68.538,23.661],[68.52,23.655],[68.525,23.691],[68.633,23.758],[68.666,23.808],[68.743,23.837],[68.722,23.832],[68.761,23.875],[68.637,23.836],[68.604,23.85],[68.525,23.759],[68.515,23.785],[68.537,23.815],[68.526,23.802],[68.515,23.825],[68.573,23.881],[68.663,23.917],[68.62,23.907],[68.596,23.942],[68.559,23.924],[68.547,23.963],[68.749,23.962],[68.773,24.294],[68.826,24.308],[68.848,24.208],[68.888,24.196],[68.947,24.277],[69.001,24.226],[69.093,24.269],[69.2,24.235],[69.31,24.277],[69.501,24.255],[69.601,24.278],[69.725,24.175],[70.001,24.166],[70.059,24.193],[70.119,24.291],[70.575,24.42],[70.612,24.401],[70.572,24.345],[70.574,24.252],[70.655,24.225],[70.806,24.223],[70.894,24.257],[70.885,24.291],[70.96,24.346],[71.047,24.347],[71.132,24.402],[71.119,24.431],[71.008,24.442],[71.015,24.523],[70.998,24.541],[71.02,24.631],[71.107,24.681],[71.298,24.608],[71.351,24.653],[71.383,24.622],[71.537,24.679],[71.617,24.671],[71.662,24.633],[71.799,24.671],[71.812,24.622],[71.858,24.604],[71.876,24.675],[71.92,24.667],[71.944,24.627],[72.052,24.706],[72.085,24.697],[72.102,24.643]]]]}},{"type":"Feature","properties":{"st_nm":"Haryana"},"geometry":{"type":"MultiPolygon","coordinates":[[[[76.837,30.879],[76.902,30.897],[76.954,30.811],[76.998,30.814],[76.989,30.777],[77.013,30.742],[77.077,30.745],[77.154,30.689],[77.157,30.6],[77.111,30.567],[77.185,30.526],[77.203,30.48],[77.346,30.462],[77.401,30.419],[77.451,30.465],[77.453,30.44],[77.416,30.413],[77.435,30.404],[77.487,30.413],[77.51,30.449],[77.592,30.371],[77.473,30.189],[77.415,30.157],[77.398,30.119],[77.414,30.107],[77.27,30.048],[77.263,30.002],[77.18,29.906],[77.152,29.793],[77.117,29.771],[77.143,29.706],[77.086,29.601],[77.11,29.553],[77.085,29.534],[77.139,29.442],[77.126,29.411],[77.147,29.39],[77.117,29.377],[77.12,29.35],[77.154,29.335],[77.129,29.273],[77.144,29.243],[77.125,29.225],[77.14,29.182],[77.122,29.106],[77.214,29.007],[77.19,28.956],[77.221,28.904],[77.142,28.842],[77.076,28.885],[77.032,28.837],[76.942,28.821],[76.955,28.705],[76.917,28.657],[76.934,28.638],[76.878,28.638],[76.833,28.583],[76.879,28.509],[77.006,28.514],[77.006,28.543],[77.072,28.52],[77.166,28.408],[77.241,28.429],[77.226,28.464],[77.243,28.485],[77.334,28.511],[77.475,28.414],[77.494,28.358],[77.464,28.338],[77.495,28.293],[77.465,28.277],[77.539,28.254],[77.519,28.202],[77.489,28.212],[77.492,28.185],[77.542,28.182],[77.496,28.16],[77.492,28.098],[77.478,28.108],[77.469,28.086],[77.479,28.044],[77.535,27.993],[77.51,27.973],[77.536,27.949],[77.478,27.94],[77.446,27.878],[77.412,27.896],[77.412,27.859],[77.339,27.86],[77.235,27.786],[77.194,27.822],[77.169,27.785],[77.181,27.809],[77.151,27.816],[77.127,27.776],[77.038,27.82],[77.021,27.778],[77.079,27.738],[76.994,27.742],[76.97,27.657],[76.934,27.675],[76.905,27.656],[76.881,27.699],[76.915,27.701],[76.883,27.724],[76.904,27.833],[76.927,27.834],[76.939,27.919],[76.919,27.925],[76.919,27.998],[76.962,28.144],[76.864,28.225],[76.806,28.216],[76.791,28.157],[76.651,28.097],[76.66,28.019],[76.538,27.971],[76.539,28.039],[76.454,28.05],[76.498,28.065],[76.449,28.093],[76.498,28.107],[76.471,28.155],[76.377,28.138],[76.336,28.177],[76.289,28.183],[76.278,28.169],[76.356,28.128],[76.297,28.101],[76.355,28.074],[76.337,28.03],[76.297,28.026],[76.265,28.069],[76.177,28.059],[76.214,28.032],[76.155,27.999],[76.179,27.973],[76.166,27.915],[76.199,27.899],[76.193,27.864],[76.223,27.841],[76.173,27.807],[76.088,27.868],[76.05,27.848],[75.963,27.865],[75.977,27.909],[75.924,27.933],[75.939,27.951],[75.963,27.937],[75.987,27.985],[75.956,28.001],[75.991,28.01],[75.97,28.031],[76.01,28.037],[76.036,28.074],[76.016,28.089],[75.985,28.051],[75.982,28.08],[75.936,28.094],[76.028,28.173],[76.066,28.168],[76.065,28.144],[76.093,28.155],[76.045,28.203],[76.053,28.224],[76.011,28.242],[76.019,28.281],[75.955,28.319],[75.922,28.369],[75.889,28.394],[75.77,28.408],[75.778,28.458],[75.629,28.546],[75.618,28.602],[75.556,28.615],[75.529,28.75],[75.499,28.788],[75.513,28.837],[75.467,28.926],[75.517,28.975],[75.511,29.011],[75.435,29.017],[75.43,29.065],[75.381,29.07],[75.396,29.128],[75.361,29.143],[75.401,29.189],[75.396,29.262],[75.358,29.255],[75.345,29.226],[75.315,29.236],[75.319,29.293],[75.223,29.235],[75.18,29.269],[75.108,29.227],[75.078,29.232],[75.04,29.287],[74.953,29.282],[74.927,29.365],[74.841,29.404],[74.757,29.356],[74.65,29.372],[74.642,29.331],[74.596,29.328],[74.597,29.362],[74.529,29.45],[74.579,29.459],[74.614,29.527],[74.567,29.563],[74.605,29.753],[74.587,29.769],[74.472,29.744],[74.465,29.788],[74.554,29.866],[74.505,29.908],[74.525,29.952],[74.647,29.905],[74.64,29.922],[74.691,29.969],[74.801,29.993],[74.85,29.959],[74.881,29.968],[74.885,29.939],[74.916,29.949],[74.99,29.856],[75.065,29.879],[75.085,29.915],[75.104,29.873],[75.081,29.849],[75.107,29.827],[75.09,29.807],[75.154,29.781],[75.155,29.82],[75.182,29.839],[75.231,29.752],[75.158,29.663],[75.221,29.607],[75.223,29.546],[75.296,29.568],[75.281,29.61],[75.318,29.671],[75.35,29.659],[75.335,29.694],[75.379,29.711],[75.444,29.808],[75.569,29.743],[75.613,29.746],[75.625,29.773],[75.697,29.755],[75.706,29.809],[75.772,29.825],[75.829,29.812],[75.879,29.747],[75.965,29.731],[76.041,29.749],[76.078,29.806],[76.116,29.796],[76.242,29.869],[76.185,29.889],[76.166,29.929],[76.204,29.944],[76.191,30.016],[76.255,30.105],[76.191,30.135],[76.212,30.135],[76.204,30.159],[76.251,30.119],[76.323,30.108],[76.349,30.128],[76.326,30.149],[76.39,30.128],[76.402,30.158],[76.381,30.183],[76.41,30.202],[76.452,30.101],[76.501,30.077],[76.555,30.099],[76.601,30.08],[76.627,30.106],[76.639,30.206],[76.604,30.215],[76.584,30.257],[76.533,30.227],[76.548,30.265],[76.61,30.271],[76.715,30.333],[76.739,30.36],[76.7,30.394],[76.758,30.439],[76.808,30.412],[76.832,30.434],[76.88,30.36],[76.93,30.393],[76.889,30.441],[76.889,30.485],[76.92,30.518],[76.885,30.54],[76.913,30.6],[76.859,30.641],[76.862,30.679],[76.819,30.661],[76.847,30.793],[76.763,30.893],[76.81,30.93],[76.837,30.879]]]]}},{"type":"Feature","properties":{"st_nm":"Himachal Pradesh"},"geometry":{"type":"MultiPolygon","coordinates":[[[[76.803,33.237],[76.828,33.246],[76.803,33.156],[76.844,33.112],[76.877,33.114],[76.918,33.034],[76.998,32.99],[77.136,32.98],[77.146,32.914],[77.174,32.931],[77.239,32.865],[77.305,32.854],[77.328,32.82],[77.356,32.825],[77.387,32.886],[77.455,32.862],[77.584,32.944],[77.653,32.959],[77.665,32.986],[77.712,32.972],[77.79,32.905],[77.761,32.865],[77.848,32.828],[77.881,32.775],[77.915,32.766],[77.903,32.693],[77.983,32.587],[78.036,32.592],[78.034,32.636],[78.065,32.624],[78.093,32.662],[78.121,32.642],[78.153,32.679],[78.213,32.669],[78.296,32.713],[78.288,32.738],[78.371,32.762],[78.363,32.672],[78.389,32.623],[78.297,32.578],[78.279,32.508],[78.31,32.476],[78.382,32.53],[78.438,32.505],[78.438,32.456],[78.519,32.418],[78.464,32.352],[78.466,32.284],[78.439,32.246],[78.539,32.25],[78.593,32.219],[78.574,32.159],[78.597,32.122],[78.648,32.107],[78.731,32.008],[78.771,32.0],[78.691,31.793],[78.725,31.764],[78.711,31.741],[78.734,31.692],[78.78,31.69],[78.831,31.615],[78.707,31.518],[78.717,31.485],[78.749,31.491],[78.795,31.453],[78.776,31.401],[78.834,31.372],[78.829,31.33],[78.972,31.182],[78.997,31.115],[78.871,31.107],[78.819,31.147],[78.795,31.205],[78.648,31.195],[78.595,31.236],[78.47,31.204],[78.444,31.244],[78.398,31.248],[78.356,31.291],[78.298,31.288],[78.233,31.235],[78.148,31.232],[78.088,31.191],[78.03,31.185],[78.014,31.155],[77.955,31.179],[77.887,31.155],[77.843,31.081],[77.801,31.062],[77.825,31.008],[77.796,30.97],[77.817,30.954],[77.764,30.977],[77.735,30.96],[77.746,30.922],[77.796,30.924],[77.789,30.859],[77.745,30.881],[77.744,30.83],[77.688,30.769],[77.741,30.711],[77.733,30.686],[77.779,30.664],[77.782,30.619],[77.73,30.598],[77.762,30.563],[77.803,30.564],[77.811,30.533],[77.679,30.452],[77.575,30.427],[77.565,30.385],[77.51,30.449],[77.487,30.413],[77.416,30.408],[77.453,30.44],[77.451,30.465],[77.401,30.419],[77.346,30.462],[77.203,30.48],[77.185,30.526],[77.122,30.548],[77.111,30.567],[77.159,30.603],[77.154,30.689],[77.077,30.745],[77.013,30.742],[76.989,30.777],[76.998,30.814],[76.954,30.811],[76.902,30.897],[76.852,30.871],[76.816,30.896],[76.81,30.93],[76.77,30.906],[76.713,30.963],[76.61,31.004],[76.599,31.054],[76.626,31.11],[76.589,31.128],[76.59,31.183],[76.634,31.215],[76.581,31.216],[76.602,31.251],[76.571,31.28],[76.535,31.255],[76.537,31.284],[76.518,31.262],[76.467,31.31],[76.431,31.283],[76.448,31.306],[76.363,31.441],[76.359,31.416],[76.316,31.402],[76.337,31.353],[76.296,31.342],[76.296,31.319],[76.173,31.307],[76.135,31.362],[76.153,31.414],[75.922,31.817],[75.971,31.815],[75.895,31.95],[75.69,32.062],[75.579,32.082],[75.662,32.165],[75.62,32.185],[75.623,32.235],[75.736,32.274],[75.844,32.379],[75.935,32.425],[75.851,32.508],[75.924,32.644],[75.897,32.691],[75.912,32.757],[75.787,32.893],[75.834,32.935],[75.934,32.884],[75.987,32.901],[76.082,32.969],[76.094,33.005],[76.237,33.033],[76.275,33.104],[76.392,33.187],[76.582,33.207],[76.627,33.162],[76.73,33.179],[76.76,33.253],[76.803,33.237]]]]}},{"type":"Feature","properties":{"st_nm":"Jammu and Kashmir"},"geometry":{"type":"MultiPolygon","coordinates":[[[[77.9,35.428],[77.991,35.487],[78.11,35.477],[77.997,35.394],[77.992,35.349],[78.043,35.202],[78.124,35.135],[78.083,35.082],[78.248,34.695],[78.3,34.662],[78.398,34.649],[78.425,34.603],[78.569,34.612],[78.825,34.414],[78.981,34.333],[78.993,34.289],[78.956,34.218],[78.706,34.072],[78.77,34.02],[78.716,33.965],[78.712,33.923],[78.784,33.77],[78.711,33.655],[78.823,33.483],[79.067,33.296],[79.075,33.229],[79.185,33.191],[79.41,33.179],[79.352,32.979],[79.449,32.889],[79.471,32.803],[79.541,32.749],[79.564,32.671],[79.545,32.607],[79.448,32.586],[79.312,32.487],[79.258,32.523],[79.203,32.511],[79.127,32.464],[79.104,32.372],[79.049,32.383],[78.977,32.343],[78.781,32.475],[78.764,32.568],[78.78,32.598],[78.746,32.696],[78.654,32.649],[78.626,32.607],[78.545,32.612],[78.486,32.573],[78.453,32.58],[78.412,32.556],[78.417,32.515],[78.382,32.53],[78.31,32.476],[78.279,32.508],[78.297,32.578],[78.389,32.623],[78.363,32.672],[78.371,32.762],[78.288,32.738],[78.296,32.713],[78.213,32.669],[78.153,32.679],[78.121,32.642],[78.093,32.662],[78.065,32.624],[78.034,32.636],[78.036,32.592],[77.983,32.587],[77.903,32.693],[77.915,32.766],[77.881,32.775],[77.848,32.828],[77.761,32.865],[77.79,32.905],[77.712,32.972],[77.665,32.986],[77.653,32.959],[77.584,32.944],[77.455,32.862],[77.387,32.886],[77.356,32.825],[77.328,32.82],[77.305,32.854],[77.239,32.865],[77.174,32.931],[77.146,32.914],[77.136,32.98],[76.998,32.99],[76.918,33.034],[76.877,33.114],[76.844,33.112],[76.803,33.156],[76.828,33.246],[76.778,33.256],[76.755,33.249],[76.73,33.179],[76.627,33.162],[76.582,33.207],[76.547,33.21],[76.469,33.18],[76.392,33.187],[76.275,33.104],[76.237,33.033],[76.094,33.005],[76.082,32.969],[75.946,32.885],[75.867,32.93],[75.808,32.93],[75.79,32.881],[75.912,32.757],[75.897,32.691],[75.924,32.644],[75.804,32.487],[75.746,32.476],[75.685,32.401],[75.545,32.361],[75.499,32.275],[75.472,32.34],[75.322,32.337],[75.189,32.424],[75.128,32.421],[75.072,32.483],[75.03,32.492],[74.979,32.448],[74.835,32.496],[74.698,32.485],[74.642,32.611],[74.676,32.658],[74.65,32.718],[74.697,32.84],[74.642,32.823],[74.614,32.758],[74.532,32.741],[74.466,32.781],[74.414,32.904],[74.318,32.92],[74.35,33.016],[74.205,33.043],[74.176,33.107],[74.112,33.164],[74.014,33.198],[74.02,33.259],[74.103,33.271],[74.171,33.347],[74.187,33.456],[74.096,33.57],[74.028,33.575],[73.956,33.72],[74.066,33.82],[74.22,33.867],[74.261,33.925],[74.263,33.974],[74.215,34.039],[74.124,34.055],[74.006,34.022],[73.883,34.05],[73.904,34.122],[73.977,34.212],[73.976,34.265],[73.899,34.36],[73.842,34.338],[73.773,34.35],[73.764,34.371],[73.777,34.416],[73.899,34.496],[73.895,34.547],[73.948,34.573],[73.927,34.646],[73.96,34.697],[74.142,34.691],[74.307,34.8],[74.376,34.803],[74.58,34.77],[74.703,34.693],[74.911,34.683],[75.019,34.641],[75.142,34.662],[75.25,34.647],[75.262,34.611],[75.378,34.552],[75.749,34.516],[76.036,34.67],[76.158,34.643],[76.474,34.794],[76.562,34.758],[76.682,34.76],[76.743,34.84],[76.749,34.927],[76.87,34.972],[76.997,34.939],[77.018,35.038],[77.068,35.024],[77.157,35.055],[77.651,35.367],[77.824,35.501],[77.847,35.501],[77.9,35.428]]]]}},{"type":"Feature","properties":{"st_nm":"Jharkhand"},"geometry":{"type":"MultiPolygon","coordinates":[[[[87.6,25.315],[87.684,25.31],[87.708,25.256],[87.783,25.246],[87.777,25.091],[87.877,25.028],[87.973,24.896],[87.889,24.853],[87.898,24.825],[87.868,24.823],[87.877,24.794],[87.855,24.764],[87.835,24.763],[87.838,24.788],[87.818,24.766],[87.901,24.722],[87.887,24.674],[87.913,24.659],[87.885,24.627],[87.902,24.613],[87.873,24.611],[87.91,24.594],[87.848,24.551],[87.769,24.582],[87.806,24.545],[87.795,24.491],[87.807,24.511],[87.823,24.494],[87.785,24.415],[87.81,24.407],[87.756,24.304],[87.71,24.292],[87.681,24.246],[87.636,24.243],[87.638,24.212],[87.693,24.186],[87.69,24.15],[87.569,24.156],[87.608,24.129],[87.569,24.107],[87.576,24.085],[87.494,24.115],[87.491,24.052],[87.511,24.04],[87.434,24.008],[87.458,23.981],[87.357,24.009],[87.328,23.996],[87.332,24.031],[87.238,24.041],[87.262,23.966],[87.292,23.956],[87.295,23.899],[87.27,23.873],[87.248,23.907],[87.243,23.826],[87.219,23.831],[87.236,23.853],[87.189,23.841],[87.196,23.854],[87.131,23.867],[87.166,23.82],[87.124,23.795],[86.967,23.865],[86.936,23.845],[86.895,23.88],[86.875,23.862],[86.882,23.814],[86.871,23.844],[86.821,23.811],[86.793,23.831],[86.82,23.761],[86.792,23.687],[86.694,23.695],[86.592,23.671],[86.529,23.629],[86.44,23.63],[86.358,23.543],[86.372,23.483],[86.3,23.444],[86.3,23.42],[86.278,23.441],[86.243,23.42],[86.225,23.436],[86.239,23.47],[86.146,23.473],[86.145,23.568],[86.047,23.584],[86.011,23.552],[86.047,23.494],[85.944,23.455],[85.874,23.476],[85.86,23.451],[85.896,23.371],[85.866,23.365],[85.878,23.324],[85.826,23.263],[85.832,23.195],[85.858,23.194],[85.915,23.13],[86.037,23.144],[86.048,23.109],[86.137,23.083],[86.15,23.041],[86.212,22.992],[86.298,23.013],[86.393,22.974],[86.416,22.995],[86.497,22.99],[86.512,22.966],[86.54,22.987],[86.518,22.944],[86.47,22.949],[86.433,22.923],[86.463,22.897],[86.416,22.777],[86.507,22.702],[86.539,22.721],[86.618,22.673],[86.652,22.576],[86.76,22.572],[86.798,22.484],[86.748,22.479],[86.751,22.451],[86.764,22.423],[86.844,22.396],[86.829,22.325],[86.885,22.297],[86.886,22.252],[86.812,22.264],[86.8,22.241],[86.79,22.263],[86.8,22.214],[86.776,22.232],[86.748,22.208],[86.651,22.233],[86.646,22.261],[86.532,22.298],[86.5,22.341],[86.438,22.323],[86.433,22.302],[86.353,22.345],[86.28,22.446],[86.107,22.485],[86.038,22.564],[85.954,22.456],[86.009,22.424],[86.021,22.375],[85.993,22.338],[86.02,22.329],[86.008,22.31],[86.043,22.306],[85.97,22.243],[86.027,22.185],[85.905,21.967],[85.761,21.99],[85.788,22.077],[85.831,22.077],[85.802,22.111],[85.682,22.049],[85.645,22.09],[85.54,22.087],[85.394,22.159],[85.363,22.155],[85.358,22.12],[85.3,22.107],[85.231,22.0],[85.211,22.043],[85.119,22.066],[85.095,22.099],[85.044,22.111],[84.98,22.085],[85.024,22.112],[85.071,22.272],[85.114,22.29],[85.074,22.349],[85.062,22.478],[84.894,22.418],[84.877,22.443],[84.833,22.426],[84.808,22.447],[84.753,22.442],[84.744,22.415],[84.527,22.42],[84.477,22.406],[84.478,22.384],[84.426,22.349],[84.289,22.337],[84.152,22.401],[84.135,22.471],[84.003,22.521],[84.005,22.57],[84.08,22.637],[84.15,22.634],[84.221,22.669],[84.225,22.735],[84.285,22.763],[84.329,22.86],[84.37,22.865],[84.389,22.939],[84.371,22.975],[84.217,22.976],[84.19,23.024],[84.148,22.964],[84.129,23.082],[84.034,23.138],[84.07,23.33],[84.043,23.374],[84.007,23.353],[83.966,23.381],[83.97,23.455],[84.023,23.544],[84.007,23.632],[83.938,23.622],[83.935,23.563],[83.775,23.6],[83.715,23.683],[83.729,23.755],[83.695,23.821],[83.561,23.863],[83.576,23.884],[83.543,23.898],[83.507,24.028],[83.448,24.042],[83.425,24.084],[83.324,24.101],[83.402,24.266],[83.376,24.315],[83.451,24.365],[83.43,24.404],[83.4,24.409],[83.381,24.456],[83.395,24.504],[83.51,24.528],[83.717,24.505],[83.868,24.533],[83.933,24.552],[83.992,24.638],[84.047,24.612],[84.11,24.481],[84.146,24.54],[84.179,24.51],[84.188,24.555],[84.257,24.531],[84.269,24.564],[84.297,24.563],[84.326,24.503],[84.294,24.481],[84.293,24.451],[84.33,24.431],[84.315,24.423],[84.336,24.396],[84.382,24.39],[84.423,24.359],[84.417,24.331],[84.455,24.339],[84.494,24.287],[84.522,24.376],[84.566,24.384],[84.572,24.412],[84.658,24.394],[84.679,24.456],[84.795,24.529],[84.833,24.511],[84.834,24.453],[84.88,24.463],[84.898,24.372],[84.969,24.376],[84.99,24.412],[85.057,24.416],[85.076,24.44],[85.065,24.387],[85.089,24.379],[85.169,24.429],[85.151,24.463],[85.282,24.497],[85.283,24.527],[85.486,24.551],[85.518,24.525],[85.537,24.565],[85.568,24.565],[85.577,24.603],[85.665,24.582],[85.65,24.687],[85.697,24.713],[85.737,24.823],[85.777,24.799],[85.878,24.8],[85.95,24.732],[86.051,24.78],[86.039,24.741],[86.087,24.746],[86.124,24.705],[86.133,24.604],[86.195,24.585],[86.217,24.612],[86.264,24.576],[86.323,24.584],[86.304,24.558],[86.312,24.508],[86.279,24.462],[86.351,24.444],[86.452,24.369],[86.466,24.422],[86.489,24.425],[86.506,24.518],[86.603,24.605],[86.668,24.561],[86.732,24.576],[86.751,24.618],[86.777,24.62],[86.806,24.595],[86.8,24.565],[86.855,24.55],[86.876,24.567],[86.911,24.539],[86.898,24.587],[86.93,24.643],[87.05,24.607],[87.097,24.801],[87.077,24.818],[87.151,24.858],[87.144,25.018],[87.177,25.064],[87.251,25.106],[87.291,25.089],[87.323,25.223],[87.37,25.205],[87.392,25.228],[87.468,25.193],[87.49,25.305],[87.54,25.282],[87.547,25.331],[87.58,25.348],[87.6,25.315]]]]}},{"type":"Feature","properties":{"st_nm":"Karnataka"},"geometry":{"type":"MultiPolygon","coordinates":[[[[74.671,13.2],[74.673,13.197],[74.675,13.196],[74.676,13.192],[74.674,13.194],[74.671,13.197],[74.671,13.2],[74.671,13.2]]],[[[74.728,13.283],[74.728,13.282],[74.728,13.28],[74.727,13.279],[74.725,13.28],[74.727,13.281],[74.727,13.283],[74.728,13.283]]],[[[74.7,13.284],[74.701,13.283],[74.701,13.279],[74.699,13.279],[74.7,13.282],[74.7,13.283],[74.7,13.284],[74.7,13.284]]],[[[74.724,13.29],[74.726,13.288],[74.728,13.287],[74.727,13.285],[74.724,13.285],[74.723,13.287],[74.723,13.29],[74.724,13.29]]],[[[74.691,13.334],[74.691,13.333],[74.692,13.333],[74.692,13.332],[74.692,13.332],[74.69,13.331],[74.69,13.334],[74.691,13.334]]],[[[74.689,13.341],[74.69,13.338],[74.688,13.335],[74.688,13.337],[74.686,13.337],[74.687,13.339],[74.689,13.341],[74.689,13.341]]],[[[74.683,13.348],[74.684,13.346],[74.686,13.343],[74.687,13.342],[74.684,13.343],[74.681,13.345],[74.683,13.348],[74.683,13.348]]],[[[74.672,13.383],[74.674,13.382],[74.675,13.38],[74.673,13.377],[74.672,13.378],[74.67,13.381],[74.671,13.383],[74.672,13.383]]],[[[74.483,14.011],[74.483,14.008],[74.482,14.006],[74.48,14.005],[74.479,14.007],[74.479,14.011],[74.483,14.011]]],[[[74.326,14.021],[74.33,14.019],[74.329,14.015],[74.328,14.012],[74.325,14.012],[74.324,14.015],[74.325,14.02],[74.326,14.021]]],[[[74.403,14.315],[74.405,14.314],[74.404,14.313],[74.4,14.312],[74.4,14.314],[74.402,14.315],[74.403,14.315]]],[[[74.365,14.553],[74.374,14.551],[74.378,14.546],[74.374,14.543],[74.368,14.542],[74.364,14.543],[74.364,14.553],[74.365,14.553]]],[[[74.254,14.706],[74.255,14.705],[74.255,14.704],[74.253,14.704],[74.252,14.704],[74.252,14.705],[74.253,14.706],[74.254,14.706]]],[[[74.241,14.711],[74.241,14.71],[74.24,14.709],[74.24,14.709],[74.238,14.709],[74.238,14.711],[74.24,14.711],[74.241,14.711]]],[[[74.155,14.742],[74.157,14.74],[74.158,14.74],[74.158,14.738],[74.156,14.738],[74.155,14.74],[74.153,14.741],[74.155,14.742]]],[[[74.111,14.762],[74.114,14.758],[74.119,14.755],[74.115,14.754],[74.11,14.755],[74.108,14.76],[74.111,14.762]]],[[[74.088,14.796],[74.089,14.796],[74.089,14.795],[74.087,14.794],[74.087,14.794],[74.087,14.795],[74.086,14.795],[74.087,14.796],[74.088,14.796],[74.088,14.796]]],[[[74.057,14.817],[74.057,14.817],[74.056,14.816],[74.056,14.816],[74.055,14.816],[74.054,14.817],[74.055,14.817],[74.057,14.817]]],[[[74.064,14.821],[74.065,14.821],[74.065,14.82],[74.066,14.82],[74.065,14.82],[74.063,14.82],[74.063,14.821],[74.063,14.821],[74.064,14.821]]],[[[74.059,14.822],[74.062,14.821],[74.062,14.82],[74.06,14.82],[74.057,14.819],[74.057,14.82],[74.058,14.821],[74.059,14.822],[74.059,14.822]]],[[[74.094,14.838],[74.094,14.838],[74.095,14.837],[74.094,14.836],[74.093,14.836],[74.093,14.838],[74.094,14.838],[74.094,14.838]]],[[[74.098,14.846],[74.1,14.845],[74.102,14.843],[74.101,14.842],[74.098,14.842],[74.097,14.843],[74.098,14.846]]],[[[74.097,14.878],[74.097,14.877],[74.096,14.877],[74.094,14.876],[74.094,14.877],[74.095,14.878],[74.097,14.878],[74.097,14.878]]],[[[77.337,18.435],[77.37,18.448],[77.37,18.401],[77.41,18.389],[77.363,18.308],[77.436,18.306],[77.465,18.26],[77.51,18.278],[77.51,18.307],[77.603,18.278],[77.564,18.201],[77.598,18.152],[77.597,18.084],[77.546,18.054],[77.653,17.969],[77.644,17.946],[77.624,17.958],[77.617,17.903],[77.585,17.908],[77.597,17.87],[77.573,17.873],[77.55,17.818],[77.526,17.827],[77.511,17.801],[77.504,17.783],[77.566,17.764],[77.562,17.747],[77.45,17.691],[77.44,17.581],[77.502,17.541],[77.527,17.573],[77.548,17.549],[77.59,17.563],[77.592,17.533],[77.688,17.499],[77.684,17.473],[77.648,17.481],[77.653,17.503],[77.611,17.444],[77.573,17.454],[77.573,17.43],[77.51,17.427],[77.536,17.404],[77.528,17.372],[77.499,17.354],[77.452,17.37],[77.434,17.288],[77.455,17.276],[77.38,17.22],[77.399,17.209],[77.36,17.162],[77.463,17.104],[77.499,17.007],[77.453,16.909],[77.471,16.779],[77.438,16.783],[77.423,16.715],[77.467,16.712],[77.465,16.678],[77.417,16.663],[77.433,16.638],[77.469,16.647],[77.464,16.584],[77.391,16.565],[77.415,16.518],[77.366,16.484],[77.297,16.491],[77.292,16.474],[77.235,16.468],[77.285,16.403],[77.343,16.38],[77.412,16.363],[77.494,16.376],[77.592,16.338],[77.592,16.29],[77.565,16.298],[77.488,16.25],[77.511,16.217],[77.484,16.159],[77.487,16.116],[77.509,16.104],[77.491,16.031],[77.509,15.921],[77.181,15.95],[77.077,15.91],[77.022,15.832],[77.064,15.823],[77.047,15.725],[77.076,15.721],[77.076,15.691],[77.125,15.659],[77.116,15.625],[77.081,15.653],[77.029,15.634],[77.027,15.5],[76.97,15.491],[77.027,15.435],[77.062,15.322],[77.11,15.327],[77.115,15.29],[77.164,15.259],[77.121,15.221],[77.15,15.208],[77.163,15.161],[77.132,15.143],[77.154,15.121],[77.079,15.0],[77.041,15.005],[77.047,15.029],[76.982,15.01],[76.877,15.029],[76.797,15.091],[76.774,15.071],[76.785,15.017],[76.764,14.97],[76.828,14.951],[76.864,14.964],[76.865,14.938],[76.844,14.886],[76.849,14.804],[76.78,14.779],[76.798,14.735],[76.761,14.596],[76.8,14.528],[76.87,14.468],[76.973,14.478],[76.944,14.445],[76.942,14.4],[76.913,14.414],[76.883,14.39],[76.879,14.346],[76.95,14.294],[76.925,14.272],[76.943,14.236],[77.05,14.24],[77.075,14.209],[77.105,14.213],[77.112,14.288],[77.152,14.338],[77.232,14.311],[77.281,14.331],[77.28,14.276],[77.359,14.269],[77.355,14.23],[77.384,14.192],[77.416,14.212],[77.375,14.295],[77.386,14.325],[77.426,14.321],[77.444,14.278],[77.479,14.285],[77.499,14.261],[77.5,14.151],[77.41,14.17],[77.348,14.124],[77.345,14.096],[77.39,14.119],[77.395,14.103],[77.326,14.023],[77.383,14.007],[77.376,13.969],[77.431,13.969],[77.408,13.936],[77.426,13.902],[77.397,13.881],[77.348,13.897],[77.354,13.982],[77.313,14.025],[77.147,13.992],[77.121,14.042],[77.024,14.053],[77.02,14.173],[76.942,14.189],[76.937,14.166],[76.891,14.159],[76.884,14.131],[76.927,14.127],[76.975,14.065],[76.931,14.023],[77.036,13.926],[77.041,13.897],[77.017,13.893],[76.968,13.814],[76.994,13.742],[77.011,13.733],[77.026,13.771],[77.06,13.739],[77.095,13.761],[77.167,13.755],[77.162,13.821],[77.124,13.849],[77.162,13.857],[77.156,13.9],[77.177,13.917],[77.179,13.86],[77.205,13.881],[77.212,13.861],[77.234,13.895],[77.25,13.839],[77.307,13.857],[77.32,13.826],[77.359,13.846],[77.425,13.835],[77.409,13.799],[77.457,13.797],[77.445,13.696],[77.476,13.678],[77.487,13.707],[77.522,13.688],[77.52,13.744],[77.556,13.716],[77.596,13.744],[77.621,13.727],[77.637,13.735],[77.61,13.755],[77.649,13.776],[77.67,13.777],[77.664,13.752],[77.696,13.761],[77.709,13.733],[77.713,13.791],[77.778,13.813],[77.776,13.836],[77.828,13.861],[77.806,13.909],[77.818,13.935],[77.887,13.931],[77.912,13.897],[77.979,13.948],[77.978,13.893],[77.942,13.88],[77.945,13.82],[77.966,13.82],[77.985,13.862],[78.038,13.853],[78.041,13.887],[78.114,13.841],[78.118,13.777],[78.085,13.733],[78.105,13.684],[78.064,13.688],[78.058,13.667],[78.081,13.635],[78.156,13.649],[78.161,13.623],[78.194,13.616],[78.183,13.556],[78.228,13.587],[78.391,13.578],[78.355,13.355],[78.397,13.332],[78.367,13.32],[78.472,13.308],[78.521,13.256],[78.556,13.299],[78.577,13.262],[78.569,13.204],[78.541,13.187],[78.569,13.156],[78.509,13.12],[78.528,13.097],[78.502,13.082],[78.505,13.053],[78.452,13.032],[78.458,12.963],[78.423,12.969],[78.454,12.853],[78.436,12.901],[78.378,12.895],[78.345,12.928],[78.303,12.847],[78.241,12.847],[78.221,12.753],[78.121,12.77],[78.047,12.842],[78.015,12.846],[78.001,12.795],[77.946,12.849],[77.933,12.813],[77.91,12.82],[77.924,12.878],[77.826,12.859],[77.785,12.834],[77.799,12.787],[77.731,12.664],[77.59,12.658],[77.57,12.558],[77.579,12.507],[77.606,12.5],[77.575,12.468],[77.625,12.477],[77.62,12.408],[77.604,12.354],[77.543,12.284],[77.47,12.262],[77.466,12.202],[77.726,12.167],[77.768,12.106],[77.689,12.01],[77.665,11.94],[77.484,11.932],[77.419,11.751],[77.359,11.779],[77.326,11.759],[77.285,11.798],[77.242,11.802],[77.103,11.763],[77.109,11.713],[77.072,11.725],[77.057,11.777],[77.022,11.765],[77.032,11.784],[77.004,11.803],[76.973,11.801],[76.96,11.765],[76.9,11.783],[76.828,11.644],[76.851,11.602],[76.837,11.574],[76.746,11.611],[76.56,11.61],[76.54,11.671],[76.504,11.698],[76.451,11.655],[76.41,11.665],[76.408,11.753],[76.335,11.731],[76.272,11.804],[76.219,11.8],[76.184,11.864],[76.108,11.851],[76.108,11.971],[75.998,11.924],[75.866,11.946],[75.827,11.978],[75.8,12.071],[75.717,12.062],[75.702,12.1],[75.662,12.091],[75.635,12.142],[75.577,12.151],[75.534,12.196],[75.483,12.286],[75.419,12.286],[75.421,12.367],[75.366,12.407],[75.367,12.452],[75.423,12.46],[75.414,12.497],[75.341,12.456],[75.335,12.49],[75.272,12.54],[75.277,12.564],[75.328,12.585],[75.277,12.612],[75.223,12.563],[75.201,12.625],[75.143,12.633],[75.151,12.676],[75.086,12.698],[75.083,12.666],[75.048,12.66],[75.05,12.715],[75.007,12.709],[74.985,12.73],[75.009,12.76],[74.992,12.79],[74.867,12.754],[74.821,12.852],[74.821,12.929],[74.802,12.931],[74.775,13.078],[74.784,13.059],[74.79,13.099],[74.773,13.083],[74.69,13.348],[74.729,13.277],[74.695,13.348],[74.671,13.634],[74.607,13.867],[74.633,13.849],[74.502,14.023],[74.518,14.027],[74.48,14.093],[74.471,14.183],[74.354,14.503],[74.373,14.537],[74.393,14.529],[74.387,14.547],[74.365,14.554],[74.376,14.574],[74.354,14.543],[74.337,14.569],[74.356,14.522],[74.31,14.521],[74.25,14.74],[74.207,14.738],[74.205,14.718],[74.167,14.767],[74.153,14.746],[74.143,14.778],[74.093,14.803],[74.121,14.802],[74.13,14.84],[74.104,14.904],[74.175,14.909],[74.18,14.953],[74.212,14.921],[74.27,14.967],[74.262,14.991],[74.302,15.04],[74.278,15.096],[74.29,15.143],[74.322,15.184],[74.258,15.258],[74.342,15.293],[74.328,15.367],[74.283,15.389],[74.256,15.49],[74.287,15.526],[74.254,15.566],[74.255,15.654],[74.232,15.667],[74.213,15.649],[74.19,15.681],[74.163,15.649],[74.097,15.671],[74.134,15.678],[74.131,15.718],[74.227,15.786],[74.25,15.741],[74.365,15.774],[74.389,15.844],[74.345,15.852],[74.374,15.892],[74.412,15.853],[74.392,15.901],[74.47,16.041],[74.44,16.057],[74.39,16.035],[74.368,16.053],[74.435,16.111],[74.482,16.087],[74.496,16.102],[74.503,16.231],[74.38,16.294],[74.331,16.273],[74.349,16.291],[74.323,16.325],[74.325,16.379],[74.343,16.391],[74.362,16.365],[74.369,16.394],[74.343,16.4],[74.339,16.452],[74.296,16.459],[74.3,16.503],[74.269,16.476],[74.253,16.495],[74.286,16.503],[74.276,16.545],[74.314,16.502],[74.329,16.553],[74.366,16.557],[74.39,16.528],[74.403,16.579],[74.472,16.605],[74.477,16.661],[74.498,16.627],[74.551,16.633],[74.574,16.552],[74.636,16.576],[74.643,16.607],[74.69,16.604],[74.661,16.638],[74.696,16.675],[74.698,16.715],[74.855,16.771],[74.924,16.77],[74.912,16.856],[74.964,16.878],[74.967,16.905],[74.927,16.926],[74.938,16.941],[75.03,16.942],[75.032,16.926],[75.09,16.949],[75.141,16.874],[75.19,16.874],[75.183,16.842],[75.216,16.84],[75.283,16.874],[75.288,16.955],[75.395,16.976],[75.431,16.963],[75.468,16.985],[75.492,16.943],[75.57,16.964],[75.576,17.008],[75.61,17.003],[75.611,16.97],[75.645,16.951],[75.675,16.96],[75.672,17.036],[75.644,17.036],[75.678,17.063],[75.678,17.094],[75.628,17.17],[75.662,17.208],[75.66,17.261],[75.606,17.303],[75.613,17.342],[75.585,17.35],[75.579,17.383],[75.616,17.392],[75.636,17.478],[75.678,17.458],[75.691,17.413],[75.737,17.422],[75.802,17.37],[75.825,17.423],[75.862,17.386],[75.887,17.417],[75.894,17.354],[75.931,17.324],[76.055,17.354],[76.079,17.33],[76.121,17.366],[76.163,17.341],[76.176,17.297],[76.172,17.349],[76.244,17.375],[76.276,17.331],[76.344,17.35],[76.352,17.311],[76.382,17.312],[76.408,17.369],[76.362,17.375],[76.373,17.434],[76.334,17.432],[76.331,17.469],[76.375,17.494],[76.343,17.494],[76.366,17.522],[76.332,17.595],[76.416,17.604],[76.429,17.644],[76.489,17.661],[76.486,17.714],[76.524,17.715],[76.524,17.759],[76.573,17.76],[76.573,17.702],[76.614,17.768],[76.663,17.688],[76.691,17.68],[76.698,17.726],[76.728,17.737],[76.716,17.782],[76.763,17.787],[76.788,17.826],[76.737,17.857],[76.741,17.898],[76.803,17.868],[76.916,17.915],[76.918,18.033],[76.955,18.04],[76.947,18.074],[76.968,18.097],[76.923,18.116],[76.954,18.185],[77.109,18.153],[77.096,18.195],[77.15,18.217],[77.171,18.281],[77.206,18.278],[77.195,18.313],[77.245,18.371],[77.24,18.409],[77.317,18.454],[77.337,18.435]]]]}},{"type":"Feature","properties":{"st_nm":"Kerala"},"geometry":{"type":"MultiPolygon","coordinates":[[[[76.467,9.541],[76.471,9.54],[76.474,9.539],[76.478,9.538],[76.479,9.53],[76.467,9.53],[76.466,9.539],[76.467,9.541]]],[[[76.404,9.542],[76.383,9.529],[76.383,9.534],[76.388,9.536],[76.393,9.538],[76.398,9.54],[76.403,9.541],[76.404,9.542]]],[[[76.435,9.552],[76.434,9.528],[76.406,9.528],[76.435,9.552]]],[[[76.437,9.552],[76.464,9.53],[76.435,9.528],[76.437,9.552]]],[[[76.414,9.563],[76.426,9.55],[76.383,9.535],[76.414,9.563]]],[[[76.385,9.621],[76.387,9.62],[76.387,9.617],[76.385,9.614],[76.383,9.615],[76.382,9.619],[76.385,9.621],[76.385,9.621]]],[[[76.381,9.715],[76.381,9.715],[76.381,9.717],[76.381,9.717],[76.382,9.717],[76.382,9.715],[76.381,9.715],[76.381,9.715]]],[[[76.372,9.758],[76.372,9.755],[76.373,9.753],[76.372,9.751],[76.371,9.753],[76.37,9.757],[76.372,9.758],[76.372,9.758]]],[[[76.324,9.826],[76.327,9.823],[76.328,9.818],[76.328,9.815],[76.327,9.808],[76.323,9.813],[76.323,9.825],[76.324,9.826]]],[[[76.372,9.826],[76.373,9.825],[76.373,9.825],[76.373,9.822],[76.372,9.822],[76.372,9.825],[76.372,9.826],[76.372,9.826]]],[[[76.368,9.827],[76.37,9.826],[76.37,9.825],[76.37,9.824],[76.369,9.825],[76.367,9.825],[76.367,9.826],[76.368,9.827]]],[[[76.378,9.84],[76.379,9.838],[76.379,9.837],[76.377,9.837],[76.377,9.837],[76.377,9.838],[76.378,9.839],[76.378,9.84]]],[[[76.378,9.842],[76.377,9.84],[76.376,9.839],[76.375,9.838],[76.374,9.838],[76.373,9.84],[76.373,9.841],[76.378,9.842]]],[[[76.289,9.847],[76.29,9.847],[76.29,9.846],[76.289,9.845],[76.288,9.844],[76.288,9.845],[76.288,9.847],[76.289,9.847],[76.289,9.847]]],[[[76.35,9.875],[76.372,9.831],[76.349,9.838],[76.35,9.875]]],[[[76.308,9.922],[76.312,9.912],[76.315,9.905],[76.317,9.893],[76.308,9.893],[76.305,9.906],[76.308,9.921],[76.308,9.922]]],[[[76.261,9.971],[76.279,9.958],[76.287,9.941],[76.29,9.927],[76.272,9.935],[76.266,9.952],[76.258,9.97],[76.261,9.971]]],[[[76.272,9.973],[76.272,9.972],[76.271,9.971],[76.269,9.971],[76.269,9.972],[76.271,9.972],[76.272,9.973],[76.272,9.973]]],[[[76.244,9.981],[76.244,9.978],[76.243,9.978],[76.243,9.978],[76.243,9.98],[76.243,9.98],[76.244,9.981],[76.244,9.981],[76.244,9.981]]],[[[76.268,10.003],[76.269,10.002],[76.27,10.0],[76.269,9.997],[76.268,10.0],[76.267,10.002],[76.268,10.003]]],[[[76.242,10.014],[76.251,10.007],[76.257,9.995],[76.26,9.981],[76.247,9.977],[76.244,10.001],[76.241,10.014],[76.242,10.014]]],[[[76.253,10.017],[76.254,10.013],[76.254,10.013],[76.251,10.013],[76.25,10.014],[76.252,10.014],[76.252,10.016],[76.253,10.017]]],[[[76.262,10.03],[76.261,10.029],[76.26,10.027],[76.259,10.025],[76.259,10.027],[76.259,10.029],[76.26,10.03],[76.262,10.03]]],[[[76.266,10.031],[76.264,10.023],[76.265,10.02],[76.261,10.02],[76.258,10.024],[76.262,10.028],[76.266,10.031],[76.266,10.031]]],[[[76.24,10.102],[76.243,10.099],[76.247,10.095],[76.247,10.093],[76.24,10.092],[76.242,10.098],[76.239,10.102],[76.24,10.102]]],[[[76.052,10.535],[76.052,10.534],[76.051,10.534],[76.05,10.534],[76.05,10.534],[76.05,10.535],[76.051,10.535],[76.052,10.535]]],[[[76.051,10.539],[76.051,10.538],[76.051,10.537],[76.051,10.536],[76.049,10.536],[76.049,10.538],[76.051,10.539],[76.051,10.539]]],[[[75.838,11.134],[75.837,11.131],[75.836,11.128],[75.832,11.127],[75.832,11.13],[75.834,11.132],[75.836,11.134],[75.838,11.134]]],[[[75.811,11.162],[75.812,11.162],[75.811,11.161],[75.811,11.16],[75.81,11.159],[75.81,11.16],[75.811,11.162],[75.811,11.162],[75.811,11.162]]],[[[75.366,11.942],[75.365,11.94],[75.365,11.939],[75.364,11.938],[75.365,11.94],[75.366,11.942],[75.367,11.943],[75.366,11.942]]],[[[75.368,11.943],[75.368,11.94],[75.366,11.938],[75.365,11.936],[75.365,11.939],[75.367,11.94],[75.368,11.943],[75.368,11.943]]],[[[75.301,11.963],[75.302,11.963],[75.302,11.962],[75.302,11.96],[75.301,11.96],[75.3,11.962],[75.3,11.963],[75.301,11.963]]],[[[75.297,11.968],[75.297,11.968],[75.298,11.967],[75.298,11.965],[75.297,11.966],[75.296,11.967],[75.295,11.968],[75.297,11.968]]],[[[75.285,11.987],[75.29,11.982],[75.293,11.976],[75.295,11.969],[75.291,11.972],[75.288,11.979],[75.285,11.987]]],[[[75.298,12.017],[75.297,12.014],[75.291,12.013],[75.288,12.014],[75.291,12.014],[75.294,12.016],[75.298,12.017],[75.298,12.017]]],[[[75.298,12.024],[75.298,12.023],[75.3,12.022],[75.298,12.022],[75.297,12.021],[75.296,12.022],[75.295,12.022],[75.296,12.024],[75.298,12.024]]],[[[75.158,12.109],[75.166,12.093],[75.175,12.076],[75.181,12.055],[75.174,12.067],[75.165,12.087],[75.157,12.11],[75.158,12.109]]],[[[75.163,12.115],[75.17,12.111],[75.169,12.104],[75.17,12.097],[75.166,12.103],[75.162,12.109],[75.163,12.115],[75.163,12.115]]],[[[75.194,12.116],[75.194,12.115],[75.194,12.114],[75.194,12.113],[75.192,12.114],[75.192,12.115],[75.193,12.116],[75.193,12.116],[75.194,12.116]]],[[[75.154,12.143],[75.159,12.138],[75.161,12.132],[75.159,12.122],[75.155,12.127],[75.151,12.136],[75.153,12.142],[75.154,12.143]]],[[[75.135,12.186],[75.142,12.171],[75.148,12.164],[75.15,12.152],[75.145,12.158],[75.139,12.174],[75.135,12.186],[75.135,12.186]]],[[[75.132,12.192],[75.133,12.191],[75.134,12.19],[75.134,12.188],[75.133,12.188],[75.132,12.189],[75.132,12.19],[75.132,12.192]]],[[[75.13,12.198],[75.131,12.198],[75.132,12.197],[75.131,12.195],[75.13,12.195],[75.13,12.195],[75.13,12.197],[75.13,12.198],[75.13,12.198]]],[[[75.127,12.205],[75.136,12.171],[75.147,12.14],[75.155,12.113],[75.142,12.144],[75.13,12.177],[75.125,12.205],[75.127,12.205]]],[[[74.996,12.788],[75.009,12.76],[74.985,12.73],[75.007,12.709],[75.05,12.715],[75.048,12.66],[75.083,12.666],[75.086,12.698],[75.151,12.676],[75.143,12.633],[75.201,12.625],[75.223,12.563],[75.277,12.612],[75.328,12.585],[75.271,12.554],[75.281,12.518],[75.335,12.49],[75.337,12.458],[75.414,12.497],[75.423,12.46],[75.367,12.452],[75.366,12.407],[75.421,12.367],[75.419,12.286],[75.483,12.286],[75.577,12.151],[75.635,12.142],[75.658,12.094],[75.702,12.1],[75.717,12.062],[75.795,12.074],[75.827,11.978],[75.877,11.941],[75.998,11.924],[76.108,11.971],[76.117,11.843],[76.184,11.864],[76.219,11.8],[76.272,11.804],[76.335,11.731],[76.408,11.753],[76.419,11.717],[76.396,11.701],[76.434,11.634],[76.298,11.564],[76.271,11.593],[76.226,11.564],[76.24,11.46],[76.278,11.475],[76.321,11.445],[76.334,11.459],[76.41,11.434],[76.448,11.381],[76.538,11.352],[76.54,11.292],[76.446,11.23],[76.453,11.18],[76.488,11.203],[76.623,11.186],[76.697,11.231],[76.726,11.209],[76.691,11.145],[76.739,11.121],[76.737,11.048],[76.792,11.042],[76.707,11.031],[76.649,10.924],[76.818,10.862],[76.84,10.808],[76.888,10.8],[76.898,10.771],[76.856,10.675],[76.873,10.629],[76.805,10.626],[76.83,10.585],[76.807,10.415],[76.839,10.36],[76.82,10.295],[76.839,10.278],[76.864,10.29],[76.905,10.225],[76.971,10.209],[77.039,10.248],[77.052,10.285],[77.163,10.346],[77.222,10.34],[77.247,10.221],[77.28,10.207],[77.26,10.119],[77.188,10.093],[77.248,10.02],[77.261,9.964],[77.204,9.894],[77.199,9.866],[77.224,9.849],[77.209,9.815],[77.234,9.789],[77.21,9.78],[77.208,9.722],[77.152,9.606],[77.255,9.565],[77.304,9.593],[77.325,9.563],[77.341,9.595],[77.351,9.526],[77.396,9.497],[77.379,9.451],[77.334,9.431],[77.311,9.328],[77.284,9.327],[77.267,9.291],[77.267,9.209],[77.237,9.179],[77.252,9.143],[77.196,9.088],[77.182,9.037],[77.132,9.012],[77.18,8.916],[77.205,8.917],[77.242,8.865],[77.215,8.776],[77.155,8.738],[77.265,8.543],[77.248,8.501],[77.186,8.493],[77.21,8.438],[77.135,8.379],[77.16,8.313],[77.122,8.323],[77.091,8.297],[76.975,8.385],[76.632,8.836],[76.546,8.902],[76.463,9.134],[76.484,9.127],[76.49,9.17],[76.471,9.142],[76.423,9.246],[76.461,9.14],[76.338,9.416],[76.237,9.965],[76.295,9.918],[76.297,9.893],[76.257,9.916],[76.27,9.866],[76.288,9.898],[76.285,9.833],[76.303,9.847],[76.296,9.89],[76.319,9.876],[76.348,9.712],[76.321,9.871],[76.371,9.82],[76.361,9.7],[76.399,9.674],[76.357,9.525],[76.383,9.507],[76.383,9.526],[76.442,9.511],[76.479,9.529],[76.48,9.511],[76.502,9.531],[76.416,9.566],[76.43,9.611],[76.421,9.65],[76.403,9.647],[76.414,9.697],[76.383,9.703],[76.368,9.791],[76.381,9.827],[76.395,9.818],[76.377,9.865],[76.34,9.92],[76.324,9.914],[76.343,9.885],[76.329,9.903],[76.335,9.884],[76.319,9.889],[76.312,9.948],[76.303,9.926],[76.267,10.032],[76.268,9.983],[76.25,10.03],[76.266,10.037],[76.24,10.071],[76.257,10.046],[76.265,10.079],[76.226,10.127],[76.239,10.075],[76.206,10.147],[76.245,9.972],[76.224,9.977],[76.166,10.175],[76.203,10.139],[76.177,10.183],[76.192,10.194],[76.16,10.188],[76.034,10.526],[76.068,10.545],[76.042,10.575],[76.036,10.51],[75.91,10.792],[75.825,11.123],[75.858,11.138],[75.825,11.125],[75.802,11.158],[75.829,11.158],[75.812,11.162],[75.829,11.181],[75.802,11.163],[75.683,11.448],[75.617,11.477],[75.542,11.682],[75.472,11.764],[75.508,11.761],[75.475,11.767],[75.5,11.798],[75.474,11.803],[75.481,11.779],[75.454,11.77],[75.46,11.807],[75.454,11.778],[75.384,11.857],[75.355,11.86],[75.299,11.943],[75.372,11.94],[75.399,11.915],[75.375,11.957],[75.359,11.932],[75.318,11.946],[75.265,12.007],[75.268,12.023],[75.333,12.01],[75.299,12.016],[75.339,12.048],[75.307,12.034],[75.309,12.103],[75.403,12.137],[75.325,12.145],[75.275,12.1],[75.223,12.105],[75.231,12.025],[75.2,12.007],[75.179,12.081],[75.22,12.07],[75.173,12.086],[75.192,12.133],[75.182,12.095],[74.867,12.753],[74.996,12.788]]]]}},{"type":"Feature","properties":{"st_nm":"Lakshadweep"},"geometry":{"type":"MultiPolygon","coordinates":[[[[73.01,8.28],[73.011,8.28],[73.012,8.279],[73.013,8.277],[73.011,8.277],[73.011,8.277],[73.01,8.279],[73.01,8.28]]],[[[73.081,8.328],[73.049,8.267],[73.019,8.272],[73.056,8.283],[73.081,8.328]]],[[[72.29,10.05],[72.288,10.043],[72.285,10.039],[72.282,10.04],[72.284,10.043],[72.286,10.047],[72.29,10.05],[72.29,10.05]]],[[[73.633,10.07],[73.633,10.068],[73.632,10.068],[73.63,10.068],[73.63,10.069],[73.632,10.07],[73.633,10.07],[73.633,10.07]]],[[[73.629,10.075],[73.629,10.073],[73.628,10.072],[73.626,10.072],[73.625,10.073],[73.627,10.074],[73.629,10.075],[73.629,10.075]]],[[[73.652,10.104],[73.649,10.081],[73.648,10.061],[73.639,10.064],[73.638,10.071],[73.646,10.083],[73.651,10.098],[73.652,10.104]]],[[[72.328,10.137],[72.329,10.132],[72.331,10.13],[72.331,10.125],[72.326,10.127],[72.326,10.133],[72.328,10.137]]],[[[73.661,10.156],[73.663,10.147],[73.664,10.137],[73.661,10.13],[73.663,10.144],[73.66,10.152],[73.66,10.156],[73.661,10.156]]],[[[72.642,10.577],[72.647,10.56],[72.63,10.552],[72.62,10.543],[72.624,10.548],[72.632,10.562],[72.642,10.577]]],[[[72.169,10.815],[72.169,10.812],[72.167,10.812],[72.167,10.812],[72.166,10.813],[72.167,10.814],[72.168,10.815],[72.169,10.815]]],[[[72.173,10.82],[72.172,10.818],[72.172,10.818],[72.171,10.818],[72.172,10.818],[72.172,10.819],[72.172,10.82],[72.173,10.82]]],[[[73.678,10.822],[73.703,10.815],[73.662,10.808],[73.678,10.822]]],[[[72.173,10.82],[72.183,10.838],[72.193,10.867],[72.204,10.871],[72.194,10.854],[72.183,10.837],[72.173,10.82],[72.173,10.82]]],[[[72.291,10.946],[72.288,10.943],[72.29,10.939],[72.291,10.936],[72.285,10.935],[72.285,10.942],[72.287,10.945],[72.291,10.946]]],[[[72.327,10.953],[72.323,10.95],[72.32,10.947],[72.317,10.943],[72.314,10.947],[72.322,10.95],[72.327,10.953],[72.327,10.953]]],[[[72.334,10.958],[72.334,10.956],[72.334,10.956],[72.333,10.955],[72.332,10.956],[72.332,10.958],[72.334,10.958],[72.334,10.958]]],[[[72.732,11.136],[72.731,11.124],[72.725,11.117],[72.72,11.111],[72.716,11.123],[72.722,11.131],[72.732,11.136],[72.732,11.136]]],[[[72.106,11.213],[72.106,11.211],[72.105,11.209],[72.105,11.209],[72.103,11.208],[72.104,11.211],[72.105,11.212],[72.106,11.213]]],[[[72.103,11.215],[72.104,11.214],[72.105,11.214],[72.104,11.213],[72.103,11.213],[72.102,11.214],[72.1,11.215],[72.103,11.215]]],[[[72.79,11.26],[72.782,11.232],[72.773,11.209],[72.763,11.185],[72.769,11.211],[72.778,11.241],[72.789,11.259],[72.79,11.26]]],[[[73.001,11.488],[73.002,11.487],[73.002,11.486],[73.002,11.485],[73.001,11.485],[73.001,11.487],[73.001,11.488],[73.001,11.488]]],[[[73.0,11.498],[73.006,11.493],[73.01,11.48],[73.009,11.468],[73.005,11.478],[73.0,11.492],[73.0,11.498],[73.0,11.498]]],[[[72.186,11.601],[72.187,11.6],[72.189,11.599],[72.19,11.597],[72.186,11.596],[72.185,11.598],[72.185,11.601],[72.186,11.601]]],[[[72.714,11.706],[72.717,11.695],[72.713,11.687],[72.708,11.681],[72.708,11.687],[72.712,11.696],[72.713,11.705],[72.714,11.706]]]]}},{"type":"Feature","properties":{"st_nm":"Madhya Pradesh"},"geometry":{"type":"MultiPolygon","coordinates":[[[[78.365,26.869],[78.39,26.825],[78.426,26.832],[78.451,26.798],[78.566,26.758],[78.715,26.8],[78.723,26.779],[78.741,26.793],[78.766,26.765],[78.811,26.765],[78.865,26.705],[78.948,26.697],[78.938,26.663],[78.993,26.685],[79.006,26.61],[78.98,26.574],[79.061,26.503],[79.048,26.456],[79.127,26.445],[79.117,26.417],[79.087,26.418],[79.077,26.363],[79.134,26.345],[79.084,26.272],[79.067,26.288],[79.037,26.267],[79.057,26.233],[79.02,26.234],[79.015,26.197],[78.977,26.195],[79.001,26.155],[78.943,26.139],[79.003,26.082],[78.944,26.037],[78.93,25.949],[78.876,25.916],[78.883,25.87],[78.847,25.861],[78.862,25.799],[78.811,25.83],[78.8,25.813],[78.821,25.799],[78.747,25.749],[78.811,25.674],[78.805,25.625],[78.677,25.594],[78.649,25.566],[78.609,25.589],[78.581,25.564],[78.486,25.582],[78.455,25.552],[78.429,25.564],[78.409,25.533],[78.421,25.478],[78.377,25.448],[78.348,25.455],[78.296,25.375],[78.331,25.337],[78.308,25.311],[78.345,25.298],[78.355,25.246],[78.398,25.218],[78.385,25.195],[78.446,25.169],[78.418,25.153],[78.443,25.129],[78.395,25.131],[78.328,25.089],[78.328,25.0],[78.165,24.882],[78.164,24.857],[78.209,24.813],[78.268,24.667],[78.259,24.558],[78.22,24.523],[78.27,24.476],[78.267,24.447],[78.361,24.386],[78.326,24.33],[78.382,24.274],[78.435,24.298],[78.505,24.394],[78.578,24.357],[78.669,24.245],[78.746,24.239],[78.76,24.258],[78.792,24.18],[78.814,24.21],[78.879,24.223],[78.908,24.301],[78.967,24.354],[78.984,24.441],[78.909,24.467],[78.914,24.501],[78.931,24.485],[78.966,24.497],[78.882,24.64],[78.777,24.593],[78.749,24.605],[78.74,24.66],[78.772,24.704],[78.781,24.815],[78.764,24.861],[78.668,24.902],[78.622,24.965],[78.642,25.061],[78.597,25.098],[78.569,25.259],[78.497,25.294],[78.454,25.271],[78.427,25.289],[78.467,25.293],[78.492,25.324],[78.525,25.307],[78.541,25.327],[78.525,25.363],[78.576,25.352],[78.561,25.396],[78.629,25.406],[78.653,25.444],[78.701,25.429],[78.669,25.404],[78.657,25.42],[78.658,25.388],[78.709,25.379],[78.714,25.353],[78.764,25.358],[78.743,25.413],[78.813,25.43],[78.755,25.434],[78.725,25.463],[78.732,25.501],[78.83,25.466],[78.846,25.454],[78.814,25.446],[78.834,25.432],[78.857,25.467],[78.828,25.51],[78.876,25.524],[78.886,25.561],[78.942,25.551],[78.916,25.521],[78.936,25.48],[78.903,25.447],[78.96,25.439],[78.979,25.376],[78.929,25.352],[78.892,25.375],[78.949,25.4],[78.875,25.388],[78.844,25.332],[78.783,25.303],[78.812,25.3],[78.806,25.271],[78.842,25.229],[78.877,25.344],[78.956,25.348],[78.97,25.285],[78.872,25.251],[78.877,25.162],[78.948,25.22],[78.996,25.196],[78.995,25.234],[78.971,25.245],[79.005,25.277],[79.012,25.248],[79.056,25.226],[79.022,25.143],[79.043,25.138],[79.084,25.193],[79.12,25.164],[79.124,25.112],[79.179,25.118],[79.167,25.142],[79.185,25.151],[79.206,25.114],[79.238,25.116],[79.244,25.141],[79.214,25.148],[79.246,25.162],[79.277,25.12],[79.315,25.152],[79.279,25.197],[79.274,25.248],[79.333,25.201],[79.347,25.214],[79.329,25.23],[79.34,25.273],[79.257,25.279],[79.26,25.31],[79.304,25.34],[79.346,25.333],[79.331,25.294],[79.353,25.265],[79.367,25.294],[79.415,25.259],[79.457,25.284],[79.49,25.27],[79.459,25.269],[79.427,25.225],[79.443,25.213],[79.41,25.209],[79.384,25.17],[79.399,25.113],[79.415,25.139],[79.431,25.108],[79.468,25.134],[79.461,25.096],[79.49,25.083],[79.566,25.178],[79.603,25.155],[79.598,25.131],[79.746,25.144],[79.849,25.097],[79.848,25.133],[79.872,25.149],[79.847,25.24],[79.902,25.257],[79.913,25.233],[79.943,25.272],[79.997,25.269],[80.021,25.343],[80.083,25.356],[80.123,25.338],[80.188,25.384],[80.194,25.416],[80.245,25.405],[80.256,25.429],[80.311,25.387],[80.304,25.289],[80.399,25.243],[80.424,25.174],[80.351,25.145],[80.282,25.063],[80.267,25.03],[80.314,25.004],[80.359,25.026],[80.387,25.012],[80.366,25.058],[80.41,25.077],[80.444,25.081],[80.494,25.045],[80.5,25.09],[80.476,25.102],[80.543,25.068],[80.562,25.091],[80.607,25.072],[80.595,25.155],[80.632,25.123],[80.601,25.104],[80.679,25.082],[80.674,25.054],[80.776,25.062],[80.776,25.084],[80.725,25.098],[80.7,25.137],[80.8,25.146],[80.828,25.11],[80.836,25.193],[80.878,25.196],[80.905,25.16],[80.865,25.124],[80.871,25.071],[80.827,25.039],[80.848,24.998],[80.79,24.972],[80.802,24.944],[80.9,24.94],[80.937,24.972],[80.955,24.926],[81.017,24.932],[81.01,24.954],[81.076,24.952],[81.132,24.892],[81.161,24.959],[81.199,24.935],[81.184,24.929],[81.213,24.935],[81.202,24.996],[81.262,25.068],[81.246,25.106],[81.269,25.168],[81.306,25.166],[81.315,25.116],[81.33,25.172],[81.391,25.123],[81.43,25.134],[81.438,25.11],[81.401,25.108],[81.484,25.075],[81.508,25.107],[81.473,25.137],[81.525,25.144],[81.51,25.187],[81.566,25.196],[81.619,25.16],[81.592,25.136],[81.601,25.1],[81.617,25.123],[81.632,25.103],[81.594,25.08],[81.604,25.061],[81.659,25.08],[81.682,25.044],[81.732,25.049],[81.789,25.01],[81.829,25.019],[81.886,24.993],[81.898,25.01],[81.896,24.893],[81.959,24.831],[82.005,24.851],[82.112,24.792],[82.159,24.792],[82.196,24.825],[82.179,24.805],[82.209,24.781],[82.189,24.782],[82.173,24.74],[82.214,24.729],[82.199,24.752],[82.238,24.754],[82.244,24.776],[82.23,24.67],[82.263,24.686],[82.296,24.67],[82.294,24.614],[82.409,24.598],[82.402,24.684],[82.42,24.705],[82.449,24.678],[82.518,24.678],[82.529,24.652],[82.658,24.7],[82.696,24.676],[82.695,24.644],[82.763,24.646],[82.76,24.6],[82.796,24.6],[82.801,24.553],[82.713,24.556],[82.737,24.5],[82.707,24.385],[82.761,24.373],[82.764,24.292],[82.727,24.223],[82.72,24.139],[82.671,24.158],[82.657,24.135],[82.708,24.081],[82.766,24.078],[82.742,24.021],[82.797,24.005],[82.808,23.963],[82.748,23.922],[82.657,23.908],[82.66,23.87],[82.63,23.839],[82.527,23.824],[82.545,23.794],[82.497,23.785],[82.46,23.811],[82.226,23.807],[82.204,23.853],[82.162,23.82],[82.045,23.821],[82.001,23.863],[81.951,23.853],[81.916,23.873],[81.812,23.809],[81.719,23.84],[81.662,23.926],[81.597,23.889],[81.64,23.771],[81.687,23.721],[81.643,23.66],[81.613,23.661],[81.603,23.6],[81.57,23.589],[81.577,23.555],[81.606,23.55],[81.607,23.507],[81.628,23.49],[81.655,23.532],[81.693,23.523],[81.736,23.567],[81.805,23.546],[81.827,23.511],[81.916,23.532],[81.976,23.413],[82.016,23.424],[82.015,23.388],[82.046,23.378],[82.098,23.398],[82.111,23.356],[82.138,23.362],[82.186,23.325],[82.186,23.278],[82.142,23.228],[82.151,23.142],[82.116,23.104],[82.067,23.117],[82.024,23.08],[81.938,23.078],[81.918,23.041],[81.94,22.957],[81.86,22.915],[81.856,22.891],[81.769,22.874],[81.784,22.767],[81.747,22.726],[81.763,22.664],[81.741,22.648],[81.723,22.676],[81.657,22.632],[81.649,22.569],[81.616,22.539],[81.519,22.54],[81.397,22.441],[81.379,22.505],[81.323,22.524],[81.304,22.482],[81.275,22.499],[81.218,22.452],[81.18,22.49],[81.11,22.441],[81.114,22.294],[81.085,22.247],[81.019,22.229],[81.016,22.133],[80.972,22.121],[81.004,22.07],[80.979,22.048],[80.951,22.113],[80.906,22.114],[80.846,21.961],[80.818,21.957],[80.841,21.856],[80.811,21.747],[80.743,21.758],[80.719,21.712],[80.709,21.587],[80.73,21.472],[80.663,21.337],[80.593,21.325],[80.485,21.398],[80.403,21.376],[80.389,21.407],[80.411,21.438],[80.371,21.521],[80.26,21.62],[80.188,21.634],[80.115,21.607],[80.064,21.555],[79.994,21.535],[79.936,21.557],[79.916,21.524],[79.857,21.531],[79.733,21.603],[79.647,21.557],[79.537,21.544],[79.489,21.674],[79.349,21.679],[79.229,21.724],[79.22,21.651],[79.148,21.661],[79.088,21.599],[78.994,21.619],[78.913,21.592],[78.928,21.56],[78.904,21.555],[78.941,21.514],[78.932,21.487],[78.785,21.489],[78.772,21.467],[78.746,21.494],[78.724,21.464],[78.585,21.487],[78.567,21.516],[78.509,21.528],[78.43,21.502],[78.423,21.602],[78.38,21.619],[78.361,21.578],[78.337,21.591],[78.304,21.571],[78.266,21.594],[78.269,21.571],[78.181,21.559],[78.169,21.499],[77.939,21.387],[77.882,21.378],[77.799,21.412],[77.734,21.365],[77.705,21.359],[77.691,21.397],[77.667,21.371],[77.651,21.393],[77.602,21.394],[77.605,21.367],[77.584,21.364],[77.487,21.378],[77.469,21.457],[77.438,21.473],[77.417,21.533],[77.458,21.557],[77.567,21.53],[77.607,21.543],[77.571,21.563],[77.542,21.701],[77.475,21.771],[77.286,21.763],[77.283,21.724],[77.225,21.718],[77.207,21.694],[77.171,21.727],[77.072,21.723],[76.901,21.601],[76.852,21.615],[76.834,21.593],[76.795,21.598],[76.788,21.54],[76.763,21.523],[76.792,21.49],[76.784,21.466],[76.625,21.335],[76.661,21.282],[76.623,21.193],[76.487,21.196],[76.453,21.115],[76.376,21.077],[76.173,21.085],[76.114,21.165],[76.173,21.188],[76.099,21.374],[76.052,21.353],[75.969,21.394],[75.888,21.4],[75.673,21.38],[75.609,21.395],[75.548,21.372],[75.22,21.411],[75.115,21.46],[75.058,21.565],[74.902,21.63],[74.789,21.611],[74.559,21.682],[74.552,21.718],[74.511,21.727],[74.527,21.909],[74.449,21.971],[74.446,22.027],[74.388,22.02],[74.355,21.979],[74.302,21.967],[74.29,21.936],[74.201,21.926],[74.146,21.954],[74.154,21.986],[74.098,22.015],[74.181,22.087],[74.13,22.098],[74.123,22.213],[74.076,22.222],[74.092,22.244],[74.059,22.286],[74.072,22.36],[74.112,22.372],[74.134,22.332],[74.191,22.322],[74.207,22.368],[74.227,22.359],[74.258,22.4],[74.294,22.394],[74.254,22.433],[74.205,22.437],[74.191,22.478],[74.187,22.444],[74.161,22.432],[74.144,22.457],[74.123,22.421],[74.103,22.468],[74.078,22.466],[74.085,22.509],[74.037,22.492],[74.045,22.542],[74.078,22.552],[74.153,22.517],[74.265,22.645],[74.381,22.639],[74.403,22.731],[74.479,22.859],[74.451,22.924],[74.4,22.899],[74.362,22.933],[74.342,22.965],[74.371,22.98],[74.323,23.063],[74.391,23.112],[74.512,23.089],[74.546,23.132],[74.608,23.145],[74.669,23.201],[74.746,23.212],[74.746,23.233],[74.695,23.223],[74.722,23.243],[74.701,23.272],[74.646,23.26],[74.572,23.301],[74.553,23.283],[74.518,23.329],[74.613,23.461],[74.734,23.501],[74.785,23.548],[74.803,23.534],[74.845,23.554],[74.906,23.623],[74.94,23.63],[74.908,23.683],[74.941,23.735],[74.906,23.874],[74.921,23.936],[74.993,24.03],[74.881,24.214],[74.906,24.234],[74.894,24.262],[74.87,24.281],[74.753,24.283],[74.858,24.467],[74.818,24.462],[74.817,24.491],[74.712,24.511],[74.757,24.555],[74.748,24.597],[74.79,24.611],[74.783,24.637],[74.817,24.672],[74.775,24.688],[74.799,24.796],[74.893,24.655],[74.943,24.66],[74.962,24.701],[75.0,24.708],[74.993,24.753],[75.02,24.753],[75.021,24.773],[75.007,24.796],[74.917,24.787],[74.878,24.813],[74.849,24.793],[74.833,24.967],[74.853,24.975],[74.867,24.937],[74.901,24.94],[74.945,24.878],[75.043,24.859],[75.056,24.882],[75.119,24.889],[75.116,24.965],[75.164,24.992],[75.159,25.045],[75.346,25.043],[75.352,25.025],[75.319,25.007],[75.337,24.963],[75.314,24.9],[75.276,24.977],[75.293,24.923],[75.261,24.89],[75.311,24.869],[75.424,24.893],[75.417,24.864],[75.306,24.813],[75.279,24.853],[75.227,24.859],[75.25,24.896],[75.208,24.91],[75.201,24.884],[75.252,24.837],[75.186,24.768],[75.217,24.722],[75.267,24.733],[75.452,24.693],[75.582,24.723],[75.613,24.688],[75.76,24.765],[75.839,24.73],[75.827,24.672],[75.849,24.653],[75.828,24.613],[75.917,24.571],[75.925,24.533],[75.891,24.51],[75.909,24.456],[75.847,24.419],[75.791,24.475],[75.755,24.409],[75.727,24.405],[75.738,24.348],[75.765,24.311],[75.811,24.303],[75.827,24.246],[75.774,24.221],[75.743,24.14],[75.812,24.103],[75.836,24.111],[75.834,24.075],[75.78,24.062],[75.762,23.998],[75.7,23.969],[75.669,24.034],[75.635,24.0],[75.584,23.992],[75.514,24.049],[75.465,23.981],[75.456,23.921],[75.561,23.86],[75.576,23.842],[75.556,23.826],[75.583,23.8],[75.652,23.802],[75.684,23.761],[75.687,23.819],[75.718,23.819],[75.729,23.858],[75.698,23.877],[75.702,23.904],[75.777,23.854],[75.976,23.933],[75.96,24.025],[76.135,24.095],[76.121,24.196],[76.154,24.244],[76.143,24.285],[76.185,24.332],[76.216,24.217],[76.283,24.216],[76.327,24.254],[76.414,24.207],[76.47,24.231],[76.531,24.163],[76.58,24.181],[76.566,24.201],[76.597,24.23],[76.588,24.25],[76.614,24.242],[76.616,24.263],[76.693,24.285],[76.702,24.249],[76.674,24.193],[76.701,24.171],[76.755,24.172],[76.801,24.12],[76.9,24.131],[76.916,24.189],[76.944,24.206],[76.874,24.271],[76.84,24.339],[76.851,24.469],[76.815,24.534],[76.866,24.549],[76.88,24.525],[76.913,24.544],[76.915,24.488],[76.965,24.461],[77.05,24.527],[77.065,24.57],[77.027,24.711],[76.972,24.732],[76.952,24.765],[76.847,24.75],[76.802,24.82],[76.949,24.873],[76.914,24.888],[76.921,24.917],[76.891,24.92],[76.854,25.01],[76.994,25.08],[77.114,25.069],[77.17,25.114],[77.262,25.119],[77.303,25.084],[77.399,25.113],[77.391,25.188],[77.418,25.193],[77.35,25.272],[77.372,25.32],[77.336,25.326],[77.361,25.413],[77.305,25.436],[77.283,25.424],[77.22,25.373],[77.205,25.311],[77.075,25.34],[76.942,25.275],[76.893,25.322],[76.77,25.312],[76.767,25.336],[76.681,25.345],[76.603,25.389],[76.564,25.442],[76.52,25.53],[76.511,25.673],[76.478,25.695],[76.482,25.718],[76.531,25.734],[76.529,25.798],[76.593,25.874],[76.627,25.871],[76.646,25.909],[76.745,25.909],[76.756,25.942],[76.806,25.953],[76.83,26.03],[76.888,26.093],[76.986,26.132],[77.035,26.182],[77.092,26.191],[77.124,26.238],[77.203,26.237],[77.29,26.296],[77.335,26.357],[77.437,26.368],[77.428,26.407],[77.523,26.415],[77.668,26.508],[77.714,26.504],[77.744,26.545],[77.813,26.555],[77.82,26.6],[77.879,26.62],[77.895,26.662],[77.948,26.665],[77.992,26.703],[78.086,26.683],[78.089,26.738],[78.116,26.755],[78.096,26.772],[78.106,26.801],[78.176,26.791],[78.168,26.832],[78.261,26.821],[78.282,26.864],[78.365,26.869]]]]}},{"type":"Feature","properties":{"st_nm":"Maharashtra"},"geometry":{"type":"MultiPolygon","coordinates":[[[[73.456,15.89],[73.456,15.889],[73.457,15.889],[73.456,15.887],[73.456,15.888],[73.455,15.888],[73.455,15.888],[73.455,15.89],[73.456,15.89]]],[[[73.463,15.89],[73.464,15.89],[73.465,15.889],[73.464,15.887],[73.463,15.888],[73.462,15.889],[73.462,15.89],[73.463,15.89],[73.463,15.89]]],[[[73.466,15.896],[73.467,15.895],[73.468,15.895],[73.466,15.893],[73.466,15.894],[73.465,15.895],[73.466,15.896],[73.466,15.896]]],[[[73.46,16.046],[73.462,16.044],[73.462,16.041],[73.461,16.039],[73.459,16.04],[73.457,16.043],[73.459,16.044],[73.46,16.046]]],[[[73.443,16.103],[73.444,16.102],[73.444,16.102],[73.444,16.1],[73.443,16.1],[73.443,16.1],[73.443,16.103],[73.443,16.103]]],[[[73.084,17.819],[73.085,17.818],[73.086,17.817],[73.085,17.814],[73.083,17.815],[73.083,17.817],[73.084,17.819],[73.084,17.819]]],[[[73.038,18.052],[73.038,18.052],[73.039,18.051],[73.038,18.05],[73.037,18.05],[73.037,18.051],[73.037,18.052],[73.038,18.052],[73.038,18.052],[73.038,18.052]]],[[[72.966,18.301],[72.967,18.3],[72.967,18.299],[72.966,18.299],[72.963,18.299],[72.963,18.3],[72.964,18.301],[72.966,18.301],[72.966,18.301]]],[[[73.079,18.31],[73.08,18.309],[73.079,18.306],[73.077,18.305],[73.075,18.306],[73.077,18.309],[73.079,18.31],[73.079,18.31]]],[[[73.082,18.322],[73.082,18.321],[73.082,18.319],[73.081,18.319],[73.081,18.32],[73.081,18.321],[73.082,18.322],[73.082,18.322],[73.082,18.322]]],[[[72.865,18.636],[72.865,18.635],[72.865,18.634],[72.865,18.633],[72.863,18.633],[72.864,18.634],[72.864,18.635],[72.865,18.636]]],[[[72.813,18.707],[72.813,18.705],[72.815,18.705],[72.815,18.703],[72.813,18.702],[72.812,18.705],[72.813,18.707],[72.813,18.707]]],[[[72.843,18.708],[72.843,18.707],[72.842,18.706],[72.842,18.705],[72.842,18.706],[72.842,18.708],[72.843,18.708],[72.843,18.708]]],[[[72.902,18.964],[72.908,18.959],[72.904,18.957],[72.9,18.945],[72.9,18.946],[72.902,18.959],[72.9,18.964],[72.902,18.964]]],[[[72.939,18.972],[72.942,18.965],[72.938,18.958],[72.93,18.955],[72.925,18.959],[72.931,18.968],[72.939,18.972]]],[[[73.026,19.0],[73.027,18.999],[73.028,18.998],[73.028,18.993],[73.027,18.995],[73.027,18.996],[73.026,18.997],[73.026,19.0]]],[[[72.782,19.135],[72.783,19.135],[72.782,19.132],[72.781,19.133],[72.78,19.133],[72.78,19.134],[72.781,19.135],[72.781,19.135],[72.782,19.135]]],[[[72.731,19.468],[72.737,19.465],[72.734,19.46],[72.733,19.457],[72.729,19.46],[72.727,19.466],[72.731,19.468],[72.731,19.468]]],[[[74.436,22.031],[74.449,21.971],[74.527,21.909],[74.504,21.807],[74.512,21.725],[74.552,21.719],[74.557,21.684],[74.591,21.664],[74.793,21.61],[74.902,21.63],[75.058,21.565],[75.123,21.453],[75.22,21.411],[75.3,21.416],[75.302,21.389],[75.361,21.403],[75.548,21.372],[75.609,21.395],[75.959,21.396],[76.052,21.353],[76.099,21.374],[76.173,21.188],[76.167,21.171],[76.114,21.17],[76.136,21.126],[76.169,21.086],[76.262,21.095],[76.282,21.075],[76.376,21.077],[76.453,21.115],[76.491,21.198],[76.623,21.193],[76.661,21.282],[76.625,21.335],[76.784,21.466],[76.792,21.49],[76.763,21.523],[76.788,21.54],[76.795,21.598],[76.834,21.593],[76.852,21.615],[76.901,21.601],[77.072,21.723],[77.171,21.727],[77.207,21.694],[77.225,21.718],[77.283,21.724],[77.286,21.763],[77.475,21.771],[77.542,21.701],[77.571,21.563],[77.607,21.543],[77.567,21.53],[77.458,21.557],[77.417,21.533],[77.438,21.473],[77.469,21.457],[77.487,21.378],[77.584,21.364],[77.605,21.367],[77.602,21.394],[77.651,21.393],[77.667,21.371],[77.691,21.397],[77.705,21.359],[77.734,21.365],[77.799,21.412],[77.882,21.378],[77.939,21.387],[78.169,21.499],[78.181,21.559],[78.269,21.571],[78.266,21.594],[78.304,21.571],[78.337,21.591],[78.361,21.578],[78.38,21.619],[78.423,21.602],[78.43,21.502],[78.509,21.528],[78.567,21.516],[78.585,21.487],[78.724,21.464],[78.746,21.494],[78.772,21.467],[78.785,21.489],[78.932,21.487],[78.941,21.514],[78.904,21.555],[78.928,21.56],[78.913,21.592],[78.994,21.619],[79.088,21.599],[79.148,21.661],[79.22,21.651],[79.229,21.724],[79.349,21.679],[79.489,21.674],[79.537,21.544],[79.647,21.557],[79.733,21.603],[79.857,21.531],[79.916,21.524],[79.936,21.557],[79.994,21.535],[80.064,21.555],[80.115,21.607],[80.188,21.634],[80.26,21.62],[80.371,21.521],[80.411,21.438],[80.389,21.407],[80.403,21.376],[80.44,21.372],[80.448,21.402],[80.511,21.392],[80.593,21.325],[80.657,21.331],[80.674,21.309],[80.603,21.227],[80.457,21.173],[80.433,21.097],[80.447,21.037],[80.424,21.01],[80.456,20.932],[80.542,20.934],[80.546,20.765],[80.58,20.684],[80.508,20.655],[80.482,20.617],[80.512,20.585],[80.567,20.612],[80.622,20.604],[80.586,20.396],[80.618,20.334],[80.542,20.307],[80.511,20.27],[80.383,20.242],[80.414,20.19],[80.394,20.144],[80.498,20.139],[80.54,20.11],[80.546,20.066],[80.52,19.931],[80.444,19.953],[80.406,19.933],[80.408,19.906],[80.483,19.899],[80.498,19.869],[80.432,19.81],[80.398,19.816],[80.395,19.795],[80.478,19.772],[80.469,19.825],[80.542,19.819],[80.54,19.775],[80.666,19.692],[80.657,19.612],[80.828,19.563],[80.879,19.519],[80.892,19.466],[80.788,19.427],[80.845,19.361],[80.749,19.287],[80.689,19.283],[80.672,19.326],[80.61,19.307],[80.568,19.401],[80.476,19.335],[80.445,19.27],[80.379,19.233],[80.387,19.189],[80.325,19.142],[80.322,19.075],[80.268,18.987],[80.268,18.929],[80.336,18.856],[80.346,18.811],[80.242,18.76],[80.268,18.718],[80.247,18.701],[80.111,18.676],[80.012,18.767],[79.932,18.784],[79.894,18.831],[79.939,18.859],[79.934,19.022],[79.916,19.047],[79.86,19.035],[79.858,19.104],[79.943,19.171],[79.92,19.226],[79.962,19.297],[79.973,19.401],[79.94,19.465],[79.828,19.537],[79.785,19.594],[79.74,19.603],[79.64,19.575],[79.598,19.504],[79.552,19.52],[79.543,19.549],[79.47,19.497],[79.369,19.571],[79.314,19.566],[79.305,19.59],[79.244,19.613],[79.237,19.527],[79.207,19.492],[79.223,19.468],[79.178,19.461],[79.103,19.528],[78.993,19.562],[78.955,19.552],[78.981,19.585],[78.969,19.649],[78.916,19.668],[78.859,19.656],[78.846,19.758],[78.785,19.779],[78.716,19.767],[78.604,19.818],[78.526,19.822],[78.494,19.793],[78.398,19.836],[78.384,19.879],[78.336,19.883],[78.335,19.91],[78.31,19.913],[78.294,19.85],[78.339,19.839],[78.368,19.781],[78.345,19.714],[78.27,19.663],[78.311,19.604],[78.311,19.572],[78.279,19.558],[78.309,19.456],[78.182,19.412],[78.197,19.332],[78.17,19.236],[78.051,19.242],[78.046,19.271],[77.949,19.341],[77.861,19.302],[77.906,19.267],[77.867,19.255],[77.847,19.197],[77.858,19.181],[77.831,19.136],[77.848,19.09],[77.803,19.102],[77.797,19.051],[77.762,19.062],[77.757,19.029],[77.767,18.981],[77.817,18.982],[77.813,18.949],[77.854,18.952],[77.84,18.911],[77.882,18.909],[77.943,18.822],[77.837,18.807],[77.786,18.684],[77.758,18.707],[77.733,18.676],[77.737,18.555],[77.658,18.527],[77.649,18.553],[77.597,18.548],[77.601,18.474],[77.546,18.463],[77.585,18.445],[77.526,18.427],[77.555,18.418],[77.52,18.349],[77.57,18.308],[77.55,18.291],[77.51,18.307],[77.51,18.278],[77.465,18.26],[77.436,18.306],[77.363,18.308],[77.41,18.389],[77.37,18.401],[77.37,18.448],[77.342,18.43],[77.317,18.454],[77.24,18.409],[77.245,18.371],[77.195,18.313],[77.206,18.278],[77.171,18.281],[77.15,18.217],[77.096,18.195],[77.109,18.153],[76.954,18.185],[76.923,18.116],[76.968,18.097],[76.947,18.074],[76.955,18.04],[76.918,18.033],[76.916,17.915],[76.803,17.868],[76.741,17.898],[76.737,17.857],[76.788,17.826],[76.763,17.787],[76.716,17.782],[76.728,17.737],[76.698,17.726],[76.691,17.68],[76.663,17.688],[76.614,17.768],[76.573,17.702],[76.573,17.76],[76.524,17.759],[76.524,17.715],[76.486,17.714],[76.489,17.661],[76.429,17.644],[76.416,17.604],[76.332,17.595],[76.366,17.522],[76.343,17.494],[76.375,17.494],[76.331,17.469],[76.334,17.432],[76.373,17.434],[76.362,17.375],[76.408,17.369],[76.382,17.312],[76.352,17.311],[76.344,17.35],[76.276,17.331],[76.244,17.375],[76.172,17.349],[76.176,17.297],[76.163,17.341],[76.121,17.366],[76.079,17.33],[76.055,17.354],[75.931,17.324],[75.894,17.354],[75.887,17.417],[75.862,17.386],[75.825,17.423],[75.802,17.37],[75.737,17.422],[75.691,17.413],[75.678,17.458],[75.636,17.478],[75.616,17.392],[75.579,17.383],[75.585,17.35],[75.613,17.342],[75.606,17.303],[75.66,17.261],[75.662,17.208],[75.628,17.17],[75.678,17.094],[75.678,17.063],[75.644,17.036],[75.672,17.036],[75.675,16.96],[75.645,16.951],[75.611,16.97],[75.61,17.003],[75.576,17.008],[75.57,16.964],[75.492,16.943],[75.468,16.985],[75.431,16.963],[75.395,16.976],[75.288,16.955],[75.283,16.874],[75.216,16.84],[75.183,16.842],[75.19,16.874],[75.141,16.874],[75.09,16.949],[75.032,16.926],[75.03,16.942],[74.938,16.941],[74.927,16.926],[74.967,16.905],[74.964,16.878],[74.912,16.856],[74.924,16.77],[74.855,16.771],[74.698,16.715],[74.696,16.675],[74.661,16.638],[74.69,16.604],[74.643,16.607],[74.636,16.576],[74.574,16.552],[74.551,16.633],[74.498,16.627],[74.477,16.661],[74.472,16.605],[74.403,16.579],[74.39,16.528],[74.366,16.557],[74.329,16.553],[74.314,16.502],[74.307,16.529],[74.272,16.539],[74.286,16.503],[74.253,16.495],[74.269,16.476],[74.3,16.503],[74.296,16.459],[74.339,16.452],[74.343,16.4],[74.369,16.394],[74.362,16.365],[74.343,16.391],[74.325,16.379],[74.323,16.325],[74.349,16.291],[74.334,16.268],[74.353,16.292],[74.421,16.281],[74.423,16.257],[74.484,16.247],[74.513,16.201],[74.486,16.147],[74.489,16.087],[74.435,16.111],[74.368,16.053],[74.39,16.035],[74.44,16.057],[74.47,16.041],[74.392,15.901],[74.412,15.853],[74.374,15.892],[74.345,15.852],[74.389,15.844],[74.365,15.774],[74.25,15.741],[74.227,15.786],[74.131,15.718],[74.134,15.678],[74.097,15.671],[74.123,15.645],[74.028,15.605],[73.976,15.629],[73.945,15.742],[73.882,15.749],[73.873,15.795],[73.798,15.725],[73.677,15.725],[73.648,15.746],[73.675,15.753],[73.662,15.805],[73.636,15.816],[73.59,15.912],[73.51,15.937],[73.483,16.036],[73.455,16.055],[73.447,16.225],[73.43,16.199],[73.411,16.273],[73.436,16.287],[73.41,16.278],[73.385,16.337],[73.389,16.362],[73.411,16.362],[73.368,16.363],[73.371,16.39],[73.405,16.405],[73.365,16.398],[73.365,16.44],[73.316,16.513],[73.318,16.557],[73.364,16.516],[73.349,16.504],[73.39,16.514],[73.346,16.557],[73.394,16.553],[73.356,16.555],[73.317,16.601],[73.353,16.597],[73.352,16.625],[73.322,16.642],[73.34,16.686],[73.305,16.729],[73.333,16.817],[73.295,16.817],[73.286,16.881],[73.313,16.889],[73.277,16.892],[73.294,16.986],[73.271,16.987],[73.284,17.012],[73.254,17.027],[73.266,17.048],[73.289,17.007],[73.284,17.04],[73.32,17.038],[73.278,17.04],[73.298,17.078],[73.231,17.198],[73.247,17.21],[73.223,17.267],[73.189,17.298],[73.222,17.303],[73.228,17.282],[73.244,17.307],[73.207,17.384],[73.167,17.405],[73.206,17.439],[73.186,17.442],[73.184,17.506],[73.137,17.556],[73.168,17.582],[73.127,17.637],[73.114,17.694],[73.135,17.716],[73.087,17.839],[73.133,17.83],[73.09,17.844],[73.076,17.897],[73.05,17.907],[73.052,17.929],[73.092,17.941],[73.03,17.944],[73.038,17.984],[73.002,18.021],[73.045,18.042],[73.016,18.032],[72.99,18.055],[73.003,18.076],[72.971,18.132],[72.988,18.195],[72.931,18.22],[72.935,18.282],[72.965,18.28],[72.982,18.242],[73.069,18.222],[73.056,18.187],[73.088,18.152],[73.06,18.191],[73.08,18.231],[73.043,18.297],[73.086,18.288],[73.088,18.327],[73.04,18.302],[73.055,18.27],[73.028,18.264],[72.914,18.355],[72.926,18.387],[72.895,18.473],[72.905,18.539],[72.928,18.542],[72.855,18.697],[72.869,18.805],[72.916,18.792],[72.941,18.828],[72.97,18.79],[72.983,18.81],[72.989,18.866],[72.927,18.851],[72.908,18.902],[72.958,18.908],[72.939,18.946],[72.956,18.974],[72.979,18.963],[73.032,18.999],[73.003,19.002],[72.993,19.059],[72.963,19.058],[72.909,18.991],[72.862,19.003],[72.845,18.925],[72.808,18.891],[72.823,18.942],[72.792,18.951],[72.815,19.027],[72.838,19.039],[72.816,19.042],[72.827,19.094],[72.803,19.142],[72.83,19.182],[72.793,19.13],[72.78,19.166],[72.84,19.267],[72.782,19.193],[72.799,19.331],[72.758,19.376],[72.745,19.463],[72.786,19.526],[72.765,19.504],[72.718,19.539],[72.713,19.596],[72.738,19.598],[72.694,19.729],[72.719,19.755],[72.693,19.736],[72.696,19.805],[72.659,19.821],[72.651,19.854],[72.681,19.865],[72.664,19.933],[72.69,19.958],[72.72,19.969],[72.755,19.927],[72.716,19.972],[72.708,20.07],[72.738,20.137],[72.802,20.125],[72.802,20.148],[72.835,20.145],[72.836,20.188],[72.875,20.226],[72.97,20.212],[72.973,20.131],[72.989,20.113],[73.017,20.135],[73.01,20.11],[73.045,20.072],[73.061,20.099],[73.098,20.094],[73.181,20.052],[73.233,20.141],[73.259,20.125],[73.294,20.154],[73.311,20.207],[73.427,20.202],[73.437,20.282],[73.415,20.382],[73.392,20.373],[73.391,20.39],[73.43,20.414],[73.501,20.54],[73.402,20.649],[73.44,20.665],[73.459,20.714],[73.483,20.717],[73.498,20.653],[73.538,20.674],[73.622,20.625],[73.637,20.579],[73.671,20.562],[73.748,20.567],[73.838,20.616],[73.845,20.667],[73.823,20.694],[73.95,20.742],[73.945,20.84],[73.895,20.94],[73.906,20.983],[73.816,20.996],[73.808,21.023],[73.775,21.01],[73.742,21.056],[73.753,21.114],[73.66,21.108],[73.588,21.168],[73.613,21.176],[73.636,21.133],[73.681,21.152],[73.737,21.138],[73.742,21.167],[73.823,21.172],[73.832,21.267],[73.892,21.262],[73.948,21.298],[73.953,21.402],[74.049,21.419],[74.067,21.482],[74.109,21.448],[74.306,21.479],[74.336,21.54],[74.31,21.567],[74.27,21.536],[74.239,21.55],[74.205,21.529],[74.183,21.562],[74.069,21.56],[73.861,21.496],[73.823,21.601],[73.788,21.625],[73.886,21.645],[73.896,21.7],[73.831,21.763],[73.845,21.791],[73.811,21.823],[74.138,21.953],[74.202,21.926],[74.291,21.936],[74.304,21.969],[74.436,22.031]]]]}},{"type":"Feature","properties":{"st_nm":"Manipur"},"geometry":{"type":"MultiPolygon","coordinates":[[[[94.577,25.648],[94.595,25.644],[94.556,25.586],[94.557,25.513],[94.682,25.46],[94.674,25.416],[94.631,25.387],[94.585,25.216],[94.746,25.137],[94.742,25.025],[94.703,24.978],[94.719,24.942],[94.638,24.842],[94.611,24.722],[94.551,24.717],[94.531,24.632],[94.465,24.576],[94.43,24.493],[94.403,24.488],[94.404,24.421],[94.365,24.4],[94.383,24.379],[94.326,24.339],[94.328,24.292],[94.263,24.168],[94.26,24.09],[94.233,24.067],[94.245,24.044],[94.196,23.938],[94.171,23.935],[94.161,23.853],[94.123,23.843],[94.096,23.894],[93.954,23.95],[93.816,23.93],[93.757,24.009],[93.621,24.014],[93.603,23.97],[93.564,23.99],[93.509,23.949],[93.469,23.974],[93.425,24.072],[93.351,24.112],[93.337,24.053],[93.255,24.024],[93.267,24.06],[93.248,24.085],[93.224,24.084],[93.217,24.05],[93.17,24.055],[93.142,24.087],[93.101,24.045],[93.079,24.103],[93.054,24.091],[92.976,24.115],[93.022,24.21],[93.008,24.28],[93.043,24.343],[93.022,24.347],[93.024,24.39],[93.0,24.403],[93.039,24.411],[93.061,24.575],[93.107,24.584],[93.075,24.596],[93.105,24.675],[93.076,24.71],[93.107,24.742],[93.11,24.81],[93.153,24.79],[93.197,24.811],[93.197,24.856],[93.262,24.951],[93.249,25.019],[93.268,25.05],[93.305,25.048],[93.336,25.096],[93.353,25.182],[93.404,25.263],[93.474,25.309],[93.477,25.279],[93.511,25.276],[93.505,25.244],[93.555,25.251],[93.608,25.202],[93.693,25.362],[93.718,25.362],[93.809,25.466],[93.804,25.499],[93.766,25.5],[93.771,25.54],[93.836,25.563],[93.965,25.557],[94.01,25.571],[94.015,25.596],[94.086,25.56],[94.092,25.533],[94.139,25.524],[94.16,25.555],[94.195,25.552],[94.215,25.5],[94.287,25.512],[94.309,25.494],[94.42,25.543],[94.43,25.593],[94.505,25.617],[94.573,25.698],[94.597,25.687],[94.577,25.648]]]]}},{"type":"Feature","properties":{"st_nm":"Meghalaya"},"geometry":{"type":"MultiPolygon","coordinates":[[[[91.854,26.105],[91.876,26.098],[91.883,26.03],[91.922,26.0],[91.991,26.041],[92.133,26.046],[92.178,26.08],[92.241,26.063],[92.302,26.076],[92.156,25.945],[92.164,25.912],[92.225,25.907],[92.153,25.813],[92.161,25.672],[92.229,25.716],[92.334,25.725],[92.385,25.754],[92.433,25.731],[92.432,25.691],[92.465,25.682],[92.502,25.623],[92.558,25.612],[92.573,25.56],[92.653,25.592],[92.645,25.537],[92.567,25.467],[92.598,25.472],[92.609,25.417],[92.654,25.435],[92.66,25.41],[92.737,25.381],[92.761,25.335],[92.784,25.333],[92.792,25.285],[92.765,25.249],[92.804,25.217],[92.667,25.177],[92.622,25.118],[92.525,25.14],[92.543,25.1],[92.484,25.108],[92.463,25.037],[92.426,25.032],[92.347,25.052],[92.348,25.078],[92.234,25.097],[92.212,25.116],[92.232,25.12],[92.188,25.122],[92.072,25.19],[91.753,25.18],[91.744,25.151],[91.707,25.159],[91.645,25.123],[91.606,25.146],[91.617,25.176],[91.474,25.134],[91.42,25.17],[91.342,25.172],[91.274,25.204],[91.082,25.197],[90.867,25.156],[90.785,25.184],[90.739,25.154],[90.673,25.167],[90.671,25.197],[90.649,25.173],[90.517,25.175],[90.452,25.145],[90.342,25.194],[90.115,25.227],[89.971,25.303],[89.834,25.296],[89.847,25.31],[89.822,25.385],[89.855,25.476],[89.88,25.489],[89.87,25.544],[90.002,25.584],[90.018,25.608],[89.947,25.659],[89.895,25.744],[89.934,25.745],[89.955,25.774],[89.945,25.824],[90.008,25.847],[90.022,25.866],[90.005,25.879],[90.119,25.961],[90.183,25.944],[90.324,25.974],[90.365,26.01],[90.429,25.989],[90.477,26.015],[90.534,25.958],[90.513,25.896],[90.582,25.96],[90.629,25.937],[90.607,25.912],[90.625,25.899],[90.686,25.951],[90.747,25.957],[90.741,25.915],[90.778,25.908],[90.81,25.952],[90.883,25.952],[90.919,25.913],[90.916,25.943],[90.943,25.948],[90.967,25.887],[91.029,25.888],[91.001,25.822],[91.049,25.849],[91.079,25.853],[91.05,25.829],[91.063,25.82],[91.196,25.859],[91.18,25.776],[91.192,25.73],[91.224,25.723],[91.276,25.747],[91.334,25.839],[91.444,25.841],[91.525,25.873],[91.53,25.89],[91.475,25.871],[91.531,25.924],[91.502,25.921],[91.576,26.033],[91.632,26.022],[91.638,25.965],[91.611,25.94],[91.669,25.905],[91.72,25.954],[91.731,26.059],[91.819,26.119],[91.854,26.105]]]]}},{"type":"Feature","properties":{"st_nm":"Mizoram"},"geometry":{"type":"MultiPolygon","coordinates":[[[[92.801,24.419],[92.833,24.376],[92.912,24.413],[93.024,24.39],[93.022,24.347],[93.043,24.343],[93.007,24.254],[93.027,24.233],[92.976,24.115],[93.054,24.091],[93.079,24.103],[93.101,24.045],[93.148,24.088],[93.17,24.055],[93.217,24.05],[93.224,24.084],[93.248,24.085],[93.267,24.06],[93.255,24.024],[93.337,24.053],[93.334,23.987],[93.399,23.93],[93.405,23.762],[93.445,23.682],[93.397,23.433],[93.414,23.388],[93.366,23.354],[93.395,23.224],[93.374,23.15],[93.394,23.139],[93.298,23.006],[93.253,23.006],[93.194,23.06],[93.133,23.048],[93.129,23.001],[93.168,22.919],[93.139,22.913],[93.099,22.81],[93.113,22.744],[93.092,22.709],[93.144,22.599],[93.112,22.532],[93.134,22.52],[93.142,22.463],[93.191,22.427],[93.209,22.261],[93.147,22.247],[93.17,22.2],[93.154,22.178],[93.077,22.21],[93.047,22.198],[93.066,22.102],[93.013,22.102],[93.009,21.984],[92.956,22.03],[92.932,22.018],[92.911,21.946],[92.868,22.065],[92.718,22.153],[92.699,22.148],[92.694,22.077],[92.684,22.105],[92.684,22.018],[92.61,21.977],[92.605,22.058],[92.57,22.129],[92.61,22.121],[92.614,22.173],[92.527,22.676],[92.458,22.821],[92.448,22.894],[92.375,22.935],[92.394,23.058],[92.366,23.106],[92.361,23.238],[92.409,23.246],[92.323,23.474],[92.3,23.625],[92.281,23.63],[92.295,23.693],[92.269,23.729],[92.259,23.815],[92.287,23.817],[92.275,23.849],[92.292,23.871],[92.32,23.866],[92.331,23.912],[92.311,23.961],[92.337,24.147],[92.297,24.252],[92.422,24.253],[92.419,24.194],[92.466,24.135],[92.53,24.175],[92.551,24.246],[92.612,24.253],[92.624,24.333],[92.691,24.355],[92.765,24.521],[92.801,24.419]]]]}},{"type":"Feature","properties":{"st_nm":"Nagaland"},"geometry":{"type":"MultiPolygon","coordinates":[[[[95.214,26.937],[95.234,26.891],[95.185,26.865],[95.209,26.851],[95.215,26.798],[95.245,26.787],[95.216,26.735],[95.238,26.686],[95.155,26.619],[95.154,26.581],[95.066,26.457],[95.136,26.388],[95.121,26.239],[95.143,26.214],[95.121,26.11],[95.186,26.08],[95.106,25.968],[95.022,25.91],[95.053,25.763],[94.938,25.669],[94.92,25.611],[94.889,25.593],[94.905,25.567],[94.849,25.561],[94.812,25.495],[94.67,25.455],[94.633,25.466],[94.557,25.513],[94.556,25.586],[94.595,25.644],[94.576,25.645],[94.596,25.691],[94.573,25.698],[94.505,25.617],[94.43,25.593],[94.42,25.543],[94.314,25.494],[94.287,25.512],[94.215,25.5],[94.195,25.552],[94.16,25.555],[94.139,25.524],[94.092,25.533],[94.086,25.56],[94.015,25.596],[94.01,25.571],[93.965,25.557],[93.836,25.563],[93.771,25.54],[93.766,25.5],[93.804,25.499],[93.809,25.466],[93.718,25.362],[93.693,25.362],[93.613,25.206],[93.555,25.251],[93.505,25.244],[93.511,25.276],[93.477,25.279],[93.452,25.344],[93.478,25.38],[93.462,25.435],[93.396,25.464],[93.332,25.547],[93.428,25.631],[93.5,25.657],[93.573,25.761],[93.705,25.849],[93.688,25.909],[93.773,25.966],[93.798,25.91],[93.78,25.846],[93.796,25.814],[93.842,25.863],[93.883,25.846],[93.979,25.92],[93.955,26.007],[93.991,26.073],[94.005,26.173],[94.108,26.326],[94.176,26.344],[94.187,26.461],[94.277,26.559],[94.317,26.463],[94.399,26.532],[94.408,26.614],[94.463,26.635],[94.465,26.668],[94.545,26.711],[94.575,26.691],[94.604,26.739],[94.653,26.724],[94.756,26.772],[94.87,26.915],[94.924,26.95],[94.986,26.918],[95.021,26.925],[95.11,26.967],[95.196,27.043],[95.214,26.937]]]]}},{"type":"Feature","properties":{"st_nm":"Orissa"},"geometry":{"type":"MultiPolygon","coordinates":[[[[84.77,19.106],[84.769,19.104],[84.767,19.102],[84.766,19.101],[84.765,19.102],[84.767,19.104],[84.769,19.106],[84.77,19.106]]],[[[84.757,19.111],[84.76,19.109],[84.761,19.105],[84.765,19.104],[84.759,19.102],[84.757,19.106],[84.755,19.11],[84.757,19.111]]],[[[84.783,19.111],[84.761,19.071],[84.73,19.089],[84.783,19.111]]],[[[86.241,19.909],[86.239,19.909],[86.237,19.908],[86.237,19.909],[86.238,19.911],[86.241,19.911],[86.241,19.909]]],[[[86.372,19.954],[86.368,19.952],[86.361,19.951],[86.356,19.95],[86.36,19.951],[86.371,19.955],[86.372,19.956],[86.372,19.954]]],[[[86.387,19.963],[86.384,19.96],[86.381,19.959],[86.379,19.96],[86.382,19.961],[86.384,19.962],[86.387,19.963],[86.387,19.963]]],[[[86.392,19.966],[86.39,19.966],[86.392,19.967],[86.396,19.971],[86.399,19.973],[86.398,19.971],[86.393,19.966],[86.392,19.966]]],[[[86.369,19.974],[86.373,19.973],[86.372,19.969],[86.368,19.968],[86.364,19.97],[86.366,19.973],[86.368,19.974],[86.369,19.974]]],[[[86.321,19.988],[86.32,19.989],[86.319,19.992],[86.319,19.994],[86.319,19.995],[86.32,19.993],[86.321,19.991],[86.321,19.988],[86.321,19.988]]],[[[86.321,19.999],[86.322,19.994],[86.32,19.996],[86.318,19.998],[86.317,20.0],[86.319,20.002],[86.321,20.001],[86.321,19.999]]],[[[86.336,19.991],[86.332,19.99],[86.327,20.001],[86.328,20.009],[86.335,20.006],[86.336,20.002],[86.336,19.994],[86.336,19.991]]],[[[86.31,20.016],[86.314,20.016],[86.314,20.011],[86.316,20.009],[86.312,20.011],[86.31,20.012],[86.31,20.015],[86.31,20.016]]],[[[86.253,20.025],[86.255,20.025],[86.257,20.021],[86.256,20.022],[86.254,20.022],[86.252,20.025],[86.253,20.025]]],[[[86.411,20.018],[86.409,20.019],[86.41,20.022],[86.411,20.025],[86.413,20.025],[86.412,20.022],[86.411,20.018],[86.411,20.018]]],[[[86.272,20.024],[86.268,20.021],[86.265,20.022],[86.266,20.024],[86.268,20.024],[86.271,20.027],[86.272,20.025],[86.272,20.024]]],[[[86.32,20.029],[86.323,20.029],[86.326,20.025],[86.324,20.022],[86.321,20.024],[86.32,20.027],[86.32,20.029]]],[[[86.315,20.032],[86.32,20.023],[86.324,20.015],[86.319,20.014],[86.313,20.021],[86.302,20.028],[86.312,20.031],[86.315,20.032]]],[[[86.266,20.034],[86.267,20.033],[86.268,20.033],[86.267,20.031],[86.266,20.031],[86.264,20.032],[86.262,20.032],[86.266,20.034],[86.266,20.034]]],[[[86.31,20.041],[86.311,20.04],[86.313,20.04],[86.311,20.038],[86.31,20.039],[86.309,20.04],[86.31,20.041],[86.31,20.041]]],[[[86.301,20.042],[86.303,20.04],[86.303,20.039],[86.301,20.039],[86.3,20.04],[86.299,20.041],[86.299,20.042],[86.301,20.042],[86.301,20.042]]],[[[86.426,20.039],[86.423,20.034],[86.421,20.033],[86.421,20.036],[86.424,20.041],[86.427,20.042],[86.426,20.039],[86.426,20.039]]],[[[86.295,20.05],[86.299,20.048],[86.3,20.045],[86.297,20.045],[86.295,20.046],[86.292,20.047],[86.293,20.051],[86.295,20.05]]],[[[86.27,20.058],[86.308,20.034],[86.245,20.029],[86.27,20.058]]],[[[86.263,20.058],[86.258,20.054],[86.254,20.052],[86.251,20.051],[86.254,20.056],[86.257,20.058],[86.263,20.058],[86.263,20.058]]],[[[86.437,20.059],[86.436,20.058],[86.434,20.052],[86.433,20.051],[86.432,20.056],[86.435,20.059],[86.437,20.059]]],[[[86.491,20.15],[86.493,20.148],[86.495,20.148],[86.492,20.146],[86.49,20.146],[86.489,20.148],[86.491,20.15],[86.491,20.15]]],[[[86.502,20.176],[86.505,20.17],[86.498,20.164],[86.494,20.165],[86.49,20.169],[86.495,20.173],[86.502,20.176],[86.502,20.176]]],[[[86.553,20.205],[86.553,20.206],[86.554,20.207],[86.555,20.207],[86.555,20.206],[86.554,20.206],[86.553,20.205]]],[[[86.792,20.374],[86.794,20.373],[86.796,20.372],[86.794,20.368],[86.792,20.365],[86.791,20.367],[86.791,20.371],[86.792,20.374]]],[[[86.794,20.38],[86.795,20.378],[86.797,20.375],[86.794,20.376],[86.792,20.375],[86.791,20.378],[86.793,20.38],[86.794,20.38]]],[[[86.793,20.384],[86.791,20.386],[86.792,20.386],[86.794,20.388],[86.794,20.387],[86.794,20.386],[86.794,20.384],[86.793,20.384]]],[[[86.803,20.421],[86.814,20.406],[86.809,20.389],[86.805,20.38],[86.801,20.389],[86.801,20.408],[86.802,20.419],[86.803,20.421]]],[[[86.79,20.388],[86.79,20.401],[86.79,20.418],[86.793,20.427],[86.794,20.414],[86.794,20.399],[86.791,20.388],[86.79,20.388]]],[[[86.803,20.459],[86.802,20.46],[86.801,20.461],[86.802,20.463],[86.803,20.463],[86.803,20.461],[86.803,20.459]]],[[[86.805,20.492],[86.809,20.484],[86.808,20.474],[86.804,20.464],[86.801,20.474],[86.804,20.486],[86.805,20.492],[86.805,20.492]]],[[[86.874,20.674],[86.872,20.673],[86.872,20.674],[86.876,20.678],[86.878,20.679],[86.878,20.678],[86.874,20.674],[86.874,20.674]]],[[[86.798,20.692],[86.794,20.682],[86.791,20.676],[86.791,20.685],[86.793,20.691],[86.796,20.698],[86.798,20.692],[86.798,20.692]]],[[[87.003,20.711],[87.003,20.712],[87.005,20.716],[87.009,20.72],[87.009,20.718],[87.006,20.714],[87.004,20.711],[87.003,20.711]]],[[[87.009,20.708],[87.005,20.711],[87.01,20.718],[87.016,20.722],[87.018,20.718],[87.016,20.712],[87.01,20.708],[87.009,20.708]]],[[[87.058,20.744],[87.056,20.744],[87.053,20.743],[87.05,20.743],[87.05,20.745],[87.053,20.746],[87.057,20.745],[87.058,20.744]]],[[[87.071,20.736],[87.069,20.739],[87.07,20.743],[87.071,20.748],[87.072,20.745],[87.071,20.741],[87.071,20.736],[87.071,20.736]]],[[[87.091,20.758],[87.091,20.752],[87.081,20.753],[87.073,20.753],[87.081,20.757],[87.084,20.764],[87.091,20.758]]],[[[86.871,20.772],[86.992,20.771],[87.001,20.716],[86.929,20.715],[86.859,20.665],[86.878,20.733],[86.854,20.657],[86.803,20.677],[86.819,20.639],[86.774,20.646],[86.83,20.76],[86.871,20.772]]],[[[86.875,20.776],[86.877,20.775],[86.878,20.773],[86.876,20.773],[86.874,20.774],[86.874,20.776],[86.875,20.776],[86.875,20.776]]],[[[86.865,20.781],[86.867,20.78],[86.869,20.779],[86.87,20.776],[86.868,20.776],[86.866,20.778],[86.864,20.781],[86.865,20.781]]],[[[86.984,20.782],[86.987,20.781],[86.987,20.779],[86.983,20.778],[86.981,20.779],[86.981,20.78],[86.982,20.782],[86.984,20.782]]],[[[86.948,20.785],[86.947,20.784],[86.945,20.784],[86.944,20.784],[86.944,20.785],[86.946,20.786],[86.948,20.785],[86.948,20.785]]],[[[86.882,20.789],[86.952,20.775],[86.865,20.782],[86.882,20.789]]],[[[87.017,20.803],[87.013,20.799],[87.011,20.803],[87.004,20.817],[87.001,20.83],[87.016,20.824],[87.018,20.808],[87.017,20.803]]],[[[87.124,21.52],[87.124,21.514],[87.122,21.516],[87.121,21.516],[87.119,21.518],[87.12,21.519],[87.123,21.521],[87.124,21.52]]],[[[86.078,22.53],[86.112,22.483],[86.28,22.446],[86.353,22.345],[86.433,22.302],[86.438,22.323],[86.5,22.341],[86.532,22.298],[86.578,22.298],[86.646,22.261],[86.651,22.233],[86.721,22.217],[86.715,22.143],[86.79,22.154],[86.832,22.095],[86.967,22.078],[87.026,22.029],[87.034,21.989],[86.998,21.908],[87.03,21.865],[87.095,21.86],[87.094,21.908],[87.158,21.931],[87.167,21.973],[87.235,21.954],[87.272,21.803],[87.352,21.786],[87.37,21.76],[87.439,21.764],[87.443,21.729],[87.466,21.725],[87.459,21.645],[87.481,21.608],[87.38,21.546],[87.201,21.548],[87.107,21.518],[86.911,21.34],[86.823,21.194],[86.837,21.1],[86.97,20.823],[86.957,20.785],[86.881,20.798],[86.828,20.772],[86.756,20.613],[86.774,20.645],[86.821,20.64],[86.802,20.675],[86.845,20.651],[86.934,20.711],[87.045,20.709],[86.885,20.616],[86.734,20.479],[86.729,20.405],[86.78,20.392],[86.779,20.355],[86.789,20.37],[86.769,20.331],[86.68,20.263],[86.671,20.282],[86.68,20.258],[86.51,20.177],[86.497,20.19],[86.468,20.147],[86.46,20.162],[86.466,20.146],[86.491,20.158],[86.471,20.097],[86.504,20.164],[86.559,20.201],[86.412,20.056],[86.427,20.05],[86.387,19.976],[86.382,19.996],[86.342,19.986],[86.29,20.061],[86.248,20.053],[86.237,20.027],[86.295,20.024],[86.322,19.984],[86.303,19.984],[86.341,19.972],[86.317,19.949],[86.342,19.97],[86.363,19.953],[86.228,19.904],[86.223,19.926],[86.208,19.905],[86.228,19.901],[86.095,19.86],[85.905,19.832],[85.419,19.623],[84.906,19.27],[84.778,19.11],[84.746,19.118],[84.725,19.097],[84.75,19.136],[84.735,19.144],[84.703,19.121],[84.719,19.096],[84.694,19.12],[84.705,19.149],[84.665,19.157],[84.661,19.122],[84.592,19.124],[84.62,19.077],[84.665,19.066],[84.613,19.055],[84.59,19.013],[84.566,19.065],[84.489,19.021],[84.472,18.981],[84.415,19.014],[84.441,18.967],[84.416,18.938],[84.429,18.914],[84.398,18.886],[84.365,18.896],[84.388,18.878],[84.351,18.883],[84.362,18.851],[84.336,18.867],[84.344,18.812],[84.312,18.779],[84.217,18.787],[84.082,18.745],[84.027,18.802],[83.887,18.805],[83.837,18.865],[83.84,18.904],[83.817,18.909],[83.788,19.008],[83.74,18.978],[83.78,18.908],[83.746,18.918],[83.706,18.985],[83.723,19.012],[83.697,19.016],[83.623,19.154],[83.579,19.05],[83.546,19.074],[83.531,19.005],[83.495,19.011],[83.514,19.025],[83.505,19.065],[83.459,19.07],[83.478,19.021],[83.449,19.0],[83.455,18.946],[83.409,18.996],[83.346,19.01],[83.305,18.99],[83.329,18.917],[83.346,18.957],[83.38,18.923],[83.347,18.927],[83.411,18.859],[83.396,18.831],[83.359,18.832],[83.356,18.8],[83.28,18.79],[83.266,18.757],[83.219,18.766],[83.205,18.716],[83.202,18.742],[83.133,18.772],[83.051,18.654],[83.01,18.637],[83.008,18.588],[83.054,18.586],[83.032,18.548],[83.089,18.538],[83.015,18.444],[83.037,18.419],[83.06,18.429],[83.053,18.375],[82.903,18.356],[82.885,18.413],[82.799,18.439],[82.776,18.42],[82.793,18.395],[82.767,18.331],[82.659,18.287],[82.627,18.229],[82.581,18.27],[82.601,18.369],[82.535,18.39],[82.554,18.438],[82.53,18.434],[82.523,18.504],[82.499,18.502],[82.474,18.537],[82.361,18.41],[82.384,18.369],[82.334,18.317],[82.393,18.306],[82.337,18.266],[82.333,18.216],[82.306,18.196],[82.364,18.135],[82.333,18.142],[82.33,18.04],[82.306,18.038],[82.298,18.062],[82.258,18.035],[82.267,17.986],[82.242,17.98],[82.113,18.058],[82.025,18.058],[81.952,17.992],[81.801,17.936],[81.703,17.861],[81.688,17.885],[81.663,17.877],[81.611,17.815],[81.569,17.828],[81.481,17.803],[81.459,17.825],[81.385,17.807],[81.394,17.885],[81.437,17.876],[81.477,17.97],[81.528,18.259],[81.593,18.301],[81.659,18.311],[81.658,18.339],[81.745,18.345],[81.762,18.411],[81.858,18.513],[81.897,18.528],[81.909,18.564],[81.947,18.559],[81.955,18.587],[81.888,18.621],[81.885,18.65],[81.947,18.629],[81.968,18.691],[82.034,18.719],[82.079,18.712],[82.081,18.756],[82.129,18.758],[82.161,18.791],[82.173,18.895],[82.24,18.91],[82.225,19.015],[82.194,19.06],[82.212,19.091],[82.2,19.117],[82.16,19.126],[82.179,19.159],[82.152,19.265],[82.183,19.32],[82.141,19.362],[82.166,19.366],[82.183,19.418],[82.119,19.424],[82.092,19.51],[82.022,19.502],[82.046,19.539],[82.038,19.704],[82.06,19.783],[81.98,19.796],[81.96,19.855],[81.85,19.908],[81.837,19.95],[81.867,20.036],[81.941,20.102],[82.024,20.01],[82.058,20.05],[82.178,19.978],[82.231,19.998],[82.339,19.83],[82.442,19.903],[82.593,19.865],[82.571,19.822],[82.585,19.771],[82.646,19.825],[82.703,19.831],[82.707,19.99],[82.598,19.986],[82.391,20.06],[82.379,20.145],[82.414,20.202],[82.405,20.264],[82.429,20.283],[82.394,20.336],[82.429,20.426],[82.41,20.473],[82.388,20.453],[82.38,20.51],[82.324,20.554],[82.368,20.624],[82.335,20.759],[82.347,20.884],[82.401,20.862],[82.416,20.826],[82.459,20.824],[82.486,20.904],[82.553,20.941],[82.622,21.037],[82.609,21.071],[82.645,21.102],[82.636,21.149],[82.752,21.16],[82.789,21.139],[82.956,21.175],[83.041,21.119],[83.12,21.101],[83.193,21.139],[83.218,21.26],[83.268,21.269],[83.27,21.375],[83.403,21.348],[83.335,21.496],[83.381,21.613],[83.441,21.649],[83.453,21.605],[83.485,21.626],[83.42,21.675],[83.484,21.742],[83.467,21.783],[83.491,21.815],[83.537,21.794],[83.531,21.832],[83.584,21.844],[83.572,21.872],[83.6,21.911],[83.535,21.964],[83.549,22.007],[83.532,22.034],[83.543,22.059],[83.6,22.066],[83.557,22.1],[83.626,22.206],[83.693,22.246],[83.753,22.243],[83.861,22.344],[84.004,22.368],[84.042,22.464],[83.976,22.502],[83.994,22.529],[84.135,22.471],[84.152,22.401],[84.289,22.337],[84.426,22.349],[84.478,22.384],[84.477,22.406],[84.527,22.42],[84.744,22.415],[84.753,22.442],[84.808,22.447],[84.833,22.426],[84.877,22.443],[84.894,22.418],[85.062,22.478],[85.074,22.349],[85.114,22.29],[85.071,22.272],[85.024,22.112],[84.98,22.091],[84.987,22.077],[85.044,22.111],[85.095,22.099],[85.119,22.066],[85.211,22.043],[85.231,22.0],[85.3,22.107],[85.361,22.121],[85.363,22.155],[85.41,22.156],[85.591,22.074],[85.645,22.09],[85.682,22.049],[85.802,22.111],[85.831,22.077],[85.788,22.077],[85.761,21.99],[85.905,21.967],[86.027,22.185],[85.97,22.243],[86.043,22.306],[86.008,22.31],[86.02,22.329],[85.993,22.338],[86.021,22.382],[86.009,22.424],[85.954,22.456],[85.958,22.476],[86.022,22.521],[86.038,22.564],[86.078,22.53]]]]}},{"type":"Feature","properties":{"st_nm":"Puducherry"},"geometry":{"type":"MultiPolygon","coordinates":[[[[79.845,10.827],[79.844,10.825],[79.842,10.825],[79.84,10.824],[79.841,10.825],[79.843,10.826],[79.845,10.827],[79.845,10.827]]],[[[79.748,10.982],[79.855,10.976],[79.852,10.828],[79.824,10.818],[79.851,10.814],[79.813,10.814],[79.79,10.862],[79.809,10.867],[79.743,10.882],[79.704,10.919],[79.721,10.935],[79.704,10.952],[79.746,10.943],[79.73,10.985],[79.748,10.982]]],[[[79.69,12.001],[79.71,11.976],[79.75,11.986],[79.716,11.967],[79.737,11.907],[79.8,11.964],[79.838,11.941],[79.824,11.882],[79.791,11.879],[79.82,11.874],[79.8,11.808],[79.782,11.84],[79.752,11.824],[79.75,11.861],[79.728,11.832],[79.704,11.838],[79.696,11.873],[79.659,11.866],[79.683,11.905],[79.703,11.903],[79.692,11.878],[79.725,11.892],[79.678,11.937],[79.699,11.972],[79.642,11.976],[79.679,12.019],[79.69,12.001]]],[[[75.375,12.149],[75.402,12.134],[75.309,12.103],[75.302,12.025],[75.265,12.019],[75.296,11.948],[75.225,12.032],[75.221,12.101],[75.275,12.1],[75.321,12.144],[75.375,12.149]]],[[[82.266,16.703],[82.273,16.701],[82.279,16.7],[82.283,16.698],[82.258,16.691],[82.258,16.698],[82.266,16.703],[82.266,16.703]]],[[[82.211,16.728],[82.264,16.719],[82.294,16.743],[82.303,16.723],[82.246,16.717],[82.253,16.69],[82.175,16.725],[82.222,16.75],[82.211,16.728]]]]}},{"type":"Feature","properties":{"st_nm":"Punjab"},"geometry":{"type":"MultiPolygon","coordinates":[[[[75.869,32.489],[75.932,32.417],[75.844,32.379],[75.736,32.274],[75.623,32.235],[75.62,32.185],[75.662,32.165],[75.579,32.082],[75.69,32.062],[75.895,31.95],[75.971,31.815],[75.922,31.817],[76.153,31.414],[76.135,31.362],[76.173,31.307],[76.296,31.319],[76.296,31.342],[76.337,31.353],[76.316,31.402],[76.359,31.416],[76.363,31.441],[76.448,31.306],[76.431,31.283],[76.467,31.31],[76.518,31.262],[76.537,31.284],[76.535,31.255],[76.571,31.28],[76.602,31.251],[76.581,31.216],[76.626,31.227],[76.635,31.213],[76.59,31.183],[76.589,31.128],[76.626,31.11],[76.599,31.054],[76.61,31.004],[76.713,30.963],[76.847,30.793],[76.801,30.763],[76.798,30.785],[76.781,30.774],[76.751,30.797],[76.691,30.747],[76.738,30.689],[76.794,30.669],[76.82,30.686],[76.835,30.656],[76.862,30.679],[76.859,30.641],[76.913,30.6],[76.885,30.54],[76.92,30.518],[76.889,30.485],[76.889,30.441],[76.927,30.389],[76.88,30.36],[76.832,30.434],[76.808,30.412],[76.758,30.439],[76.7,30.394],[76.739,30.36],[76.715,30.333],[76.61,30.271],[76.548,30.265],[76.533,30.227],[76.584,30.257],[76.604,30.215],[76.639,30.206],[76.627,30.106],[76.601,30.08],[76.555,30.099],[76.501,30.077],[76.452,30.101],[76.41,30.202],[76.381,30.183],[76.402,30.158],[76.39,30.128],[76.326,30.149],[76.349,30.128],[76.323,30.108],[76.251,30.119],[76.204,30.159],[76.212,30.135],[76.191,30.135],[76.255,30.105],[76.191,30.016],[76.204,29.944],[76.166,29.929],[76.185,29.889],[76.242,29.869],[76.116,29.796],[76.078,29.806],[76.041,29.749],[75.965,29.731],[75.879,29.747],[75.829,29.812],[75.772,29.825],[75.706,29.809],[75.697,29.755],[75.625,29.773],[75.613,29.746],[75.569,29.743],[75.444,29.808],[75.379,29.711],[75.335,29.694],[75.35,29.659],[75.318,29.671],[75.281,29.61],[75.296,29.568],[75.223,29.546],[75.221,29.607],[75.158,29.663],[75.231,29.752],[75.182,29.839],[75.155,29.82],[75.154,29.781],[75.09,29.807],[75.107,29.827],[75.081,29.849],[75.104,29.873],[75.085,29.915],[75.065,29.879],[74.99,29.856],[74.916,29.949],[74.885,29.939],[74.881,29.968],[74.85,29.959],[74.801,29.993],[74.691,29.969],[74.64,29.904],[74.525,29.952],[73.891,29.97],[73.882,30.011],[73.967,30.121],[73.968,30.184],[73.958,30.262],[73.873,30.383],[73.989,30.505],[74.034,30.536],[74.078,30.529],[74.091,30.613],[74.151,30.633],[74.232,30.72],[74.282,30.73],[74.262,30.768],[74.297,30.783],[74.286,30.8],[74.316,30.848],[74.363,30.846],[74.366,30.885],[74.538,30.994],[74.558,31.068],[74.623,31.047],[74.672,31.062],[74.694,31.095],[74.677,31.131],[74.621,31.137],[74.592,31.133],[74.593,31.087],[74.552,31.086],[74.543,31.122],[74.505,31.139],[74.511,31.272],[74.552,31.298],[74.642,31.46],[74.626,31.487],[74.566,31.501],[74.604,31.534],[74.601,31.568],[74.517,31.723],[74.518,31.745],[74.552,31.753],[74.556,31.828],[74.599,31.885],[74.703,31.925],[74.709,31.958],[74.736,31.937],[74.809,31.955],[74.862,32.045],[74.914,32.065],[75.005,32.029],[75.116,32.083],[75.164,32.068],[75.195,32.117],[75.239,32.087],[75.314,32.159],[75.333,32.205],[75.314,32.215],[75.363,32.235],[75.325,32.343],[75.415,32.324],[75.472,32.34],[75.499,32.275],[75.529,32.349],[75.712,32.418],[75.746,32.476],[75.804,32.487],[75.873,32.576],[75.851,32.521],[75.869,32.489]]]]}},{"type":"Feature","properties":{"st_nm":"Rajasthan"},"geometry":{"type":"MultiPolygon","coordinates":[[[[73.889,29.978],[74.519,29.943],[74.505,29.908],[74.554,29.866],[74.465,29.788],[74.472,29.744],[74.587,29.769],[74.605,29.753],[74.567,29.563],[74.614,29.527],[74.579,29.459],[74.529,29.45],[74.597,29.362],[74.596,29.328],[74.642,29.331],[74.65,29.372],[74.757,29.356],[74.841,29.404],[74.927,29.365],[74.953,29.282],[75.04,29.287],[75.078,29.232],[75.108,29.227],[75.18,29.269],[75.223,29.235],[75.319,29.293],[75.315,29.236],[75.345,29.226],[75.358,29.255],[75.396,29.262],[75.401,29.189],[75.361,29.143],[75.396,29.128],[75.381,29.07],[75.43,29.065],[75.435,29.017],[75.511,29.011],[75.517,28.975],[75.467,28.926],[75.513,28.837],[75.499,28.788],[75.529,28.75],[75.556,28.615],[75.618,28.602],[75.629,28.546],[75.778,28.458],[75.77,28.408],[75.889,28.394],[75.922,28.369],[75.955,28.319],[76.019,28.281],[76.011,28.242],[76.053,28.224],[76.045,28.203],[76.093,28.155],[76.065,28.144],[76.066,28.168],[76.028,28.173],[75.936,28.094],[75.982,28.08],[75.985,28.051],[76.016,28.089],[76.036,28.074],[76.01,28.037],[75.97,28.031],[75.991,28.01],[75.956,28.001],[75.987,27.985],[75.963,27.937],[75.939,27.951],[75.924,27.933],[75.977,27.909],[75.963,27.865],[76.05,27.848],[76.088,27.868],[76.173,27.807],[76.223,27.841],[76.193,27.864],[76.199,27.899],[76.166,27.915],[76.179,27.973],[76.155,27.999],[76.214,28.032],[76.177,28.059],[76.265,28.069],[76.297,28.026],[76.337,28.03],[76.355,28.074],[76.297,28.101],[76.356,28.128],[76.278,28.169],[76.289,28.183],[76.336,28.177],[76.377,28.138],[76.471,28.155],[76.498,28.107],[76.449,28.093],[76.498,28.065],[76.454,28.05],[76.539,28.039],[76.538,27.971],[76.66,28.019],[76.648,28.092],[76.791,28.157],[76.806,28.216],[76.85,28.227],[76.9,28.205],[76.884,28.192],[76.962,28.144],[76.919,27.998],[76.919,27.925],[76.939,27.919],[76.927,27.834],[76.904,27.833],[76.884,27.731],[76.915,27.701],[76.881,27.699],[76.903,27.659],[76.934,27.675],[76.97,27.657],[76.994,27.742],[77.079,27.738],[77.021,27.778],[77.038,27.82],[77.127,27.776],[77.151,27.816],[77.181,27.809],[77.169,27.785],[77.194,27.822],[77.232,27.786],[77.262,27.816],[77.295,27.8],[77.312,27.739],[77.298,27.719],[77.334,27.708],[77.343,27.657],[77.311,27.612],[77.35,27.593],[77.335,27.53],[77.382,27.517],[77.43,27.462],[77.415,27.425],[77.432,27.399],[77.575,27.327],[77.614,27.343],[77.592,27.301],[77.64,27.217],[77.673,27.2],[77.605,27.168],[77.591,27.123],[77.498,27.095],[77.521,27.067],[77.566,27.078],[77.557,27.037],[77.627,27.016],[77.673,27.052],[77.704,27.0],[77.722,27.0],[77.726,27.032],[77.755,27.023],[77.736,26.988],[77.649,26.974],[77.422,26.867],[77.429,26.77],[77.464,26.77],[77.448,26.747],[77.493,26.767],[77.498,26.848],[77.521,26.822],[77.605,26.833],[77.716,26.881],[77.719,26.916],[77.753,26.938],[77.89,26.889],[77.9,26.925],[77.942,26.9],[78.007,26.911],[78.022,26.861],[78.048,26.875],[78.042,26.915],[78.101,26.905],[78.115,26.955],[78.205,26.939],[78.216,26.954],[78.262,26.924],[78.227,26.883],[78.191,26.889],[78.214,26.849],[78.161,26.827],[78.18,26.794],[78.1,26.797],[78.116,26.755],[78.089,26.738],[78.086,26.683],[77.992,26.703],[77.948,26.665],[77.895,26.662],[77.879,26.62],[77.82,26.6],[77.813,26.555],[77.744,26.545],[77.714,26.504],[77.668,26.508],[77.523,26.415],[77.428,26.407],[77.437,26.368],[77.335,26.357],[77.29,26.296],[77.203,26.237],[77.124,26.238],[77.092,26.191],[77.035,26.182],[76.986,26.132],[76.888,26.093],[76.83,26.03],[76.806,25.953],[76.756,25.942],[76.745,25.909],[76.646,25.909],[76.627,25.871],[76.593,25.874],[76.529,25.798],[76.531,25.734],[76.482,25.718],[76.478,25.695],[76.511,25.673],[76.52,25.53],[76.564,25.442],[76.603,25.389],[76.681,25.345],[76.767,25.336],[76.77,25.312],[76.893,25.322],[76.942,25.275],[77.075,25.34],[77.205,25.311],[77.22,25.373],[77.283,25.424],[77.305,25.436],[77.361,25.413],[77.336,25.326],[77.372,25.32],[77.35,25.272],[77.418,25.193],[77.391,25.188],[77.399,25.113],[77.303,25.084],[77.262,25.119],[77.17,25.114],[77.114,25.069],[76.994,25.08],[76.854,25.01],[76.891,24.92],[76.921,24.917],[76.914,24.888],[76.949,24.873],[76.802,24.82],[76.847,24.75],[76.952,24.765],[76.972,24.732],[77.027,24.711],[77.065,24.57],[77.05,24.527],[76.965,24.461],[76.915,24.488],[76.913,24.544],[76.88,24.525],[76.866,24.549],[76.815,24.534],[76.851,24.469],[76.84,24.339],[76.874,24.271],[76.944,24.206],[76.916,24.189],[76.9,24.131],[76.801,24.12],[76.755,24.172],[76.701,24.171],[76.674,24.193],[76.702,24.249],[76.693,24.285],[76.616,24.263],[76.614,24.242],[76.588,24.25],[76.597,24.23],[76.566,24.201],[76.58,24.181],[76.531,24.163],[76.47,24.231],[76.414,24.207],[76.327,24.254],[76.283,24.216],[76.216,24.217],[76.185,24.332],[76.143,24.285],[76.154,24.244],[76.121,24.196],[76.135,24.095],[75.96,24.025],[75.976,23.933],[75.777,23.854],[75.702,23.904],[75.698,23.877],[75.729,23.858],[75.718,23.819],[75.687,23.819],[75.684,23.761],[75.652,23.802],[75.583,23.8],[75.556,23.826],[75.576,23.842],[75.561,23.86],[75.456,23.921],[75.465,23.981],[75.514,24.049],[75.584,23.992],[75.635,24.0],[75.669,24.034],[75.7,23.969],[75.762,23.998],[75.78,24.062],[75.834,24.075],[75.836,24.111],[75.812,24.103],[75.743,24.14],[75.774,24.221],[75.827,24.246],[75.811,24.303],[75.765,24.311],[75.738,24.348],[75.727,24.405],[75.755,24.409],[75.791,24.475],[75.847,24.419],[75.909,24.456],[75.891,24.51],[75.925,24.533],[75.917,24.571],[75.828,24.613],[75.849,24.653],[75.827,24.672],[75.839,24.73],[75.76,24.765],[75.613,24.688],[75.582,24.723],[75.452,24.693],[75.267,24.733],[75.217,24.722],[75.186,24.768],[75.252,24.837],[75.201,24.884],[75.208,24.91],[75.25,24.896],[75.227,24.859],[75.279,24.853],[75.306,24.813],[75.417,24.864],[75.424,24.893],[75.311,24.869],[75.261,24.89],[75.293,24.923],[75.276,24.977],[75.314,24.9],[75.337,24.963],[75.319,25.007],[75.352,25.025],[75.346,25.043],[75.159,25.045],[75.164,24.992],[75.116,24.965],[75.119,24.889],[75.056,24.882],[75.043,24.859],[74.92,24.892],[74.913,24.928],[74.885,24.95],[74.867,24.937],[74.846,24.974],[74.824,24.929],[74.856,24.853],[74.849,24.793],[74.859,24.813],[74.917,24.787],[75.007,24.796],[75.02,24.753],[74.993,24.753],[75.0,24.708],[74.962,24.701],[74.943,24.66],[74.893,24.655],[74.799,24.796],[74.775,24.688],[74.817,24.672],[74.783,24.637],[74.79,24.611],[74.748,24.597],[74.757,24.555],[74.712,24.511],[74.817,24.491],[74.818,24.462],[74.858,24.467],[74.753,24.283],[74.87,24.281],[74.894,24.262],[74.906,24.234],[74.881,24.214],[74.993,24.03],[74.921,23.936],[74.906,23.874],[74.941,23.735],[74.908,23.683],[74.94,23.63],[74.906,23.623],[74.845,23.554],[74.803,23.534],[74.785,23.548],[74.734,23.501],[74.613,23.461],[74.518,23.329],[74.553,23.283],[74.572,23.301],[74.646,23.26],[74.701,23.272],[74.722,23.243],[74.695,23.223],[74.746,23.233],[74.746,23.212],[74.669,23.201],[74.608,23.145],[74.546,23.132],[74.512,23.089],[74.391,23.112],[74.323,23.063],[74.283,23.095],[74.246,23.188],[74.208,23.192],[74.183,23.152],[74.127,23.179],[74.134,23.269],[74.102,23.296],[74.044,23.296],[74.033,23.332],[73.991,23.338],[73.971,23.377],[73.947,23.374],[73.939,23.341],[73.894,23.337],[73.832,23.447],[73.783,23.435],[73.765,23.459],[73.726,23.413],[73.704,23.456],[73.633,23.452],[73.658,23.504],[73.637,23.548],[73.661,23.623],[73.577,23.655],[73.513,23.617],[73.509,23.703],[73.42,23.779],[73.376,23.767],[73.363,23.787],[73.362,23.862],[73.425,23.931],[73.414,24.051],[73.37,24.088],[73.373,24.128],[73.335,24.115],[73.332,24.074],[73.291,24.027],[73.246,24.011],[73.199,24.051],[73.224,24.098],[73.114,24.139],[73.083,24.185],[73.145,24.308],[73.181,24.301],[73.193,24.344],[73.211,24.334],[73.231,24.365],[73.211,24.375],[73.17,24.351],[73.085,24.394],[73.108,24.426],[73.094,24.495],[73.051,24.465],[73.0,24.471],[72.963,24.384],[72.991,24.364],[72.924,24.326],[72.868,24.366],[72.733,24.361],[72.693,24.419],[72.697,24.457],[72.589,24.473],[72.545,24.507],[72.501,24.45],[72.508,24.41],[72.465,24.407],[72.437,24.461],[72.442,24.504],[72.386,24.501],[72.358,24.553],[72.295,24.538],[72.251,24.58],[72.279,24.6],[72.326,24.587],[72.354,24.618],[72.23,24.633],[72.165,24.615],[72.085,24.653],[72.085,24.697],[72.052,24.706],[71.944,24.627],[71.92,24.667],[71.876,24.675],[71.858,24.604],[71.812,24.622],[71.799,24.671],[71.662,24.633],[71.617,24.671],[71.488,24.674],[71.383,24.622],[71.351,24.653],[71.298,24.608],[71.119,24.669],[71.073,24.712],[70.945,24.935],[70.894,25.144],[70.674,25.389],[70.688,25.517],[70.666,25.697],[70.617,25.707],[70.4,25.664],[70.28,25.701],[70.096,25.944],[70.083,26.074],[70.173,26.245],[70.184,26.487],[70.168,26.551],[70.066,26.599],[69.815,26.592],[69.515,26.74],[69.484,26.806],[69.513,27.017],[69.587,27.178],[70.016,27.556],[70.157,27.834],[70.366,28.008],[70.484,28.034],[70.563,28.02],[70.672,27.914],[70.678,27.839],[70.758,27.717],[70.884,27.698],[71.273,27.842],[71.658,27.869],[71.897,27.957],[71.933,28.127],[71.996,28.207],[72.184,28.358],[72.302,28.665],[72.385,28.764],[72.711,28.935],[72.942,29.027],[73.271,29.557],[73.391,29.938],[73.787,30.066],[73.966,30.195],[73.967,30.121],[73.898,30.054],[73.889,29.978]]]]}},{"type":"Feature","properties":{"st_nm":"Sikkim"},"geometry":{"type":"MultiPolygon","coordinates":[[[[88.645,28.099],[88.667,28.074],[88.751,28.073],[88.829,28.015],[88.836,27.932],[88.881,27.893],[88.881,27.839],[88.854,27.817],[88.847,27.669],[88.767,27.565],[88.789,27.526],[88.783,27.456],[88.812,27.403],[88.922,27.326],[88.907,27.284],[88.801,27.248],[88.788,27.186],[88.733,27.137],[88.691,27.179],[88.656,27.162],[88.559,27.189],[88.521,27.178],[88.53,27.15],[88.432,27.082],[88.324,27.105],[88.304,27.129],[88.179,27.135],[88.152,27.112],[88.093,27.136],[88.075,27.201],[88.017,27.219],[88.069,27.336],[88.049,27.405],[88.083,27.426],[88.046,27.496],[88.147,27.665],[88.161,27.741],[88.2,27.791],[88.176,27.82],[88.204,27.837],[88.13,27.882],[88.124,27.951],[88.189,27.944],[88.23,27.968],[88.244,27.949],[88.345,27.989],[88.39,27.978],[88.483,28.046],[88.539,28.039],[88.554,28.085],[88.616,28.104],[88.607,28.128],[88.645,28.099]]]]}},{"type":"Feature","properties":{"st_nm":"Tamil Nadu"},"geometry":{"type":"MultiPolygon","coordinates":[[[[77.556,8.079],[77.557,8.078],[77.556,8.077],[77.555,8.077],[77.553,8.077],[77.553,8.078],[77.556,8.079],[77.556,8.079]]],[[[78.115,8.617],[78.118,8.615],[78.12,8.615],[78.118,8.612],[78.115,8.611],[78.114,8.615],[78.113,8.617],[78.115,8.617]]],[[[78.121,8.617],[78.121,8.617],[78.12,8.616],[78.12,8.615],[78.119,8.616],[78.12,8.617],[78.12,8.618],[78.121,8.617],[78.121,8.617]]],[[[78.12,8.638],[78.117,8.632],[78.123,8.63],[78.12,8.62],[78.119,8.625],[78.111,8.632],[78.119,8.638],[78.12,8.638]]],[[[78.128,8.648],[78.128,8.643],[78.128,8.643],[78.126,8.643],[78.127,8.644],[78.126,8.647],[78.128,8.648],[78.128,8.648]]],[[[78.117,8.657],[78.123,8.65],[78.125,8.639],[78.12,8.642],[78.12,8.644],[78.118,8.646],[78.117,8.657],[78.117,8.657]]],[[[78.208,8.841],[78.21,8.84],[78.212,8.838],[78.213,8.836],[78.21,8.836],[78.209,8.839],[78.208,8.841],[78.208,8.841]]],[[[78.225,8.874],[78.227,8.872],[78.228,8.869],[78.226,8.868],[78.225,8.87],[78.224,8.872],[78.224,8.873],[78.225,8.874]]],[[[78.253,8.958],[78.253,8.957],[78.255,8.956],[78.255,8.954],[78.255,8.953],[78.253,8.953],[78.252,8.955],[78.253,8.958]]],[[[78.492,9.093],[78.494,9.091],[78.494,9.088],[78.492,9.087],[78.489,9.089],[78.489,9.091],[78.492,9.093],[78.492,9.093]]],[[[78.539,9.106],[78.539,9.105],[78.538,9.103],[78.535,9.102],[78.536,9.103],[78.537,9.105],[78.538,9.106],[78.539,9.106]]],[[[78.58,9.112],[78.586,9.11],[78.583,9.107],[78.58,9.104],[78.573,9.105],[78.576,9.107],[78.579,9.112],[78.58,9.112]]],[[[78.488,9.135],[78.487,9.132],[78.487,9.131],[78.485,9.131],[78.485,9.132],[78.485,9.134],[78.487,9.134],[78.488,9.135]]],[[[78.696,9.155],[78.696,9.151],[78.693,9.151],[78.693,9.152],[78.694,9.153],[78.694,9.154],[78.696,9.155],[78.696,9.155]]],[[[78.731,9.156],[78.732,9.155],[78.73,9.151],[78.73,9.152],[78.729,9.153],[78.73,9.154],[78.73,9.156],[78.731,9.156]]],[[[78.828,9.171],[78.825,9.165],[78.82,9.16],[78.818,9.16],[78.821,9.163],[78.825,9.166],[78.827,9.171],[78.828,9.171]]],[[[78.941,9.185],[78.928,9.182],[78.906,9.18],[78.899,9.18],[78.906,9.183],[78.926,9.184],[78.941,9.185],[78.941,9.185]]],[[[78.968,9.189],[78.969,9.187],[78.971,9.186],[78.969,9.185],[78.967,9.185],[78.966,9.187],[78.967,9.189],[78.968,9.189]]],[[[79.07,9.208],[79.092,9.196],[79.058,9.197],[79.07,9.208]]],[[[79.142,9.215],[79.142,9.213],[79.14,9.213],[79.14,9.212],[79.138,9.212],[79.139,9.214],[79.141,9.215],[79.142,9.215]]],[[[79.126,9.218],[79.135,9.216],[79.134,9.215],[79.13,9.213],[79.125,9.214],[79.121,9.216],[79.126,9.218],[79.126,9.218]]],[[[79.232,9.245],[79.237,9.243],[79.238,9.244],[79.237,9.24],[79.234,9.241],[79.233,9.242],[79.231,9.244],[79.232,9.245]]],[[[79.184,9.249],[79.186,9.242],[79.196,9.235],[79.202,9.238],[79.194,9.234],[79.182,9.24],[79.182,9.249],[79.184,9.249]]],[[[79.219,9.251],[79.222,9.248],[79.214,9.247],[79.209,9.244],[79.203,9.242],[79.203,9.246],[79.215,9.251],[79.219,9.251]]],[[[79.312,9.328],[79.335,9.312],[79.326,9.262],[79.44,9.158],[79.299,9.247],[79.215,9.254],[79.22,9.292],[79.268,9.293],[79.312,9.328]]],[[[79.529,9.384],[79.529,9.384],[79.529,9.384],[79.529,9.384],[79.529,9.384]]],[[[79.53,9.386],[79.53,9.386],[79.53,9.386],[79.53,9.386],[79.53,9.386]]],[[[79.53,9.386],[79.53,9.386],[79.53,9.386],[79.53,9.387],[79.53,9.387],[79.53,9.387],[79.53,9.387],[79.53,9.386],[79.53,9.386],[79.53,9.386]]],[[[79.53,9.389],[79.53,9.389],[79.53,9.388],[79.53,9.389],[79.53,9.389],[79.53,9.389]]],[[[79.53,9.389],[79.53,9.389],[79.53,9.389],[79.53,9.389],[79.53,9.389],[79.53,9.389]]],[[[79.529,9.389],[79.53,9.389],[79.53,9.389],[79.529,9.389],[79.529,9.389]]],[[[79.529,9.389],[79.529,9.39],[79.529,9.39],[79.529,9.39],[79.529,9.389],[79.529,9.389]]],[[[79.529,9.39],[79.528,9.39],[79.529,9.39],[79.529,9.39],[79.529,9.39]]],[[[79.707,10.288],[79.708,10.287],[79.707,10.286],[79.705,10.285],[79.704,10.286],[79.702,10.287],[79.707,10.288],[79.707,10.288]]],[[[79.698,10.29],[79.699,10.29],[79.7,10.29],[79.701,10.289],[79.701,10.289],[79.698,10.288],[79.698,10.288],[79.697,10.289],[79.698,10.29],[79.698,10.29]]],[[[79.696,10.291],[79.696,10.29],[79.697,10.29],[79.696,10.29],[79.696,10.29],[79.694,10.289],[79.693,10.29],[79.695,10.291],[79.696,10.291],[79.696,10.291]]],[[[79.691,10.298],[79.692,10.297],[79.693,10.295],[79.69,10.293],[79.689,10.295],[79.689,10.296],[79.69,10.297],[79.691,10.298]]],[[[79.686,10.298],[79.687,10.298],[79.687,10.297],[79.686,10.296],[79.685,10.296],[79.684,10.296],[79.683,10.298],[79.686,10.298],[79.686,10.298]]],[[[79.623,10.3],[79.627,10.299],[79.629,10.298],[79.622,10.298],[79.621,10.298],[79.62,10.299],[79.621,10.3],[79.623,10.3]]],[[[79.608,10.303],[79.608,10.302],[79.609,10.302],[79.607,10.301],[79.606,10.301],[79.606,10.302],[79.606,10.302],[79.606,10.303],[79.608,10.303]]],[[[79.619,10.309],[79.621,10.308],[79.621,10.307],[79.619,10.308],[79.618,10.307],[79.616,10.308],[79.617,10.308],[79.619,10.309]]],[[[79.624,10.309],[79.623,10.307],[79.623,10.306],[79.622,10.306],[79.621,10.306],[79.622,10.307],[79.623,10.308],[79.624,10.309],[79.624,10.309]]],[[[79.632,10.309],[79.632,10.308],[79.632,10.307],[79.631,10.307],[79.629,10.307],[79.628,10.307],[79.628,10.308],[79.629,10.308],[79.632,10.309],[79.632,10.309]]],[[[79.7,10.31],[79.703,10.308],[79.707,10.307],[79.71,10.307],[79.708,10.304],[79.702,10.306],[79.7,10.308],[79.7,10.31]]],[[[79.677,10.31],[79.682,10.308],[79.683,10.307],[79.673,10.305],[79.67,10.307],[79.674,10.308],[79.676,10.31],[79.677,10.31]]],[[[79.69,10.31],[79.692,10.308],[79.694,10.308],[79.693,10.306],[79.692,10.305],[79.69,10.306],[79.689,10.309],[79.69,10.31]]],[[[79.609,10.311],[79.61,10.309],[79.608,10.308],[79.607,10.307],[79.606,10.307],[79.605,10.309],[79.607,10.311],[79.609,10.311]]],[[[79.696,10.321],[79.702,10.317],[79.716,10.312],[79.71,10.313],[79.697,10.312],[79.69,10.317],[79.695,10.321],[79.696,10.321]]],[[[79.632,10.333],[79.633,10.33],[79.632,10.328],[79.629,10.326],[79.628,10.328],[79.629,10.33],[79.631,10.332],[79.632,10.333]]],[[[79.626,10.344],[79.628,10.343],[79.628,10.34],[79.629,10.337],[79.626,10.338],[79.625,10.341],[79.625,10.343],[79.626,10.344]]],[[[79.839,11.237],[79.84,11.236],[79.842,11.234],[79.841,11.233],[79.837,11.233],[79.838,11.236],[79.839,11.237],[79.839,11.237]]],[[[79.827,11.237],[79.828,11.236],[79.827,11.236],[79.826,11.235],[79.824,11.235],[79.824,11.236],[79.826,11.237],[79.827,11.237]]],[[[79.991,12.251],[79.991,12.249],[79.989,12.248],[79.987,12.246],[79.985,12.245],[79.987,12.248],[79.989,12.251],[79.991,12.251]]],[[[80.323,13.438],[80.324,13.437],[80.325,13.437],[80.325,13.434],[80.322,13.434],[80.321,13.437],[80.323,13.438],[80.323,13.438]]],[[[80.076,13.527],[80.152,13.479],[80.241,13.47],[80.276,13.389],[80.312,13.369],[80.316,13.428],[80.329,13.367],[80.326,13.443],[80.345,13.273],[80.306,13.215],[80.334,13.235],[80.267,13.013],[80.248,12.805],[80.233,12.846],[80.232,12.785],[80.248,12.803],[80.254,12.779],[80.185,12.578],[80.182,12.61],[80.165,12.604],[80.185,12.575],[80.156,12.467],[80.051,12.326],[80.058,12.367],[80.017,12.34],[80.014,12.323],[80.063,12.351],[80.009,12.257],[80.012,12.273],[79.945,12.22],[80.007,12.255],[79.885,12.065],[79.838,11.941],[79.8,11.964],[79.737,11.907],[79.716,11.967],[79.75,11.986],[79.706,11.977],[79.679,12.019],[79.642,11.976],[79.699,11.972],[79.678,11.937],[79.725,11.892],[79.692,11.878],[79.703,11.903],[79.683,11.905],[79.659,11.866],[79.696,11.873],[79.704,11.838],[79.728,11.832],[79.75,11.861],[79.752,11.824],[79.782,11.84],[79.801,11.808],[79.757,11.564],[79.827,11.363],[79.811,11.371],[79.838,11.357],[79.847,11.244],[79.805,11.236],[79.848,11.243],[79.855,10.978],[79.801,10.986],[79.783,10.967],[79.732,10.987],[79.746,10.943],[79.704,10.952],[79.721,10.935],[79.704,10.919],[79.743,10.882],[79.809,10.867],[79.79,10.862],[79.813,10.814],[79.851,10.814],[79.883,10.302],[79.836,10.275],[79.743,10.275],[79.785,10.281],[79.757,10.312],[79.778,10.302],[79.71,10.325],[79.637,10.318],[79.63,10.363],[79.613,10.317],[79.551,10.312],[79.739,10.277],[79.527,10.305],[79.589,10.333],[79.545,10.348],[79.526,10.318],[79.456,10.342],[79.487,10.326],[79.457,10.32],[79.512,10.309],[79.386,10.317],[79.295,10.261],[79.229,10.144],[79.228,10.092],[79.267,10.038],[79.155,9.932],[79.122,9.855],[78.982,9.69],[78.898,9.489],[78.939,9.406],[79.034,9.318],[79.191,9.282],[78.835,9.245],[78.833,9.269],[78.832,9.243],[78.718,9.19],[78.658,9.192],[78.642,9.174],[78.657,9.158],[78.578,9.131],[78.484,9.128],[78.489,9.15],[78.482,9.127],[78.365,9.092],[78.288,9.015],[78.261,9.019],[78.169,8.882],[78.157,8.772],[78.191,8.765],[78.198,8.789],[78.23,8.749],[78.198,8.763],[78.223,8.746],[78.171,8.745],[78.128,8.65],[78.105,8.652],[78.097,8.581],[78.136,8.592],[78.102,8.592],[78.11,8.612],[78.122,8.598],[78.127,8.638],[78.139,8.589],[78.13,8.497],[78.065,8.42],[78.05,8.38],[78.067,8.37],[77.804,8.248],[77.746,8.177],[77.576,8.136],[77.551,8.077],[77.316,8.121],[77.091,8.297],[77.122,8.323],[77.16,8.313],[77.135,8.379],[77.21,8.438],[77.186,8.493],[77.248,8.501],[77.265,8.537],[77.155,8.738],[77.215,8.776],[77.242,8.865],[77.205,8.917],[77.18,8.916],[77.132,9.012],[77.182,9.037],[77.196,9.088],[77.252,9.143],[77.237,9.179],[77.267,9.209],[77.267,9.291],[77.284,9.327],[77.311,9.328],[77.334,9.431],[77.379,9.451],[77.396,9.497],[77.351,9.526],[77.341,9.595],[77.325,9.563],[77.304,9.593],[77.255,9.565],[77.152,9.606],[77.208,9.722],[77.21,9.78],[77.234,9.789],[77.209,9.815],[77.224,9.849],[77.199,9.866],[77.204,9.894],[77.261,9.964],[77.248,10.02],[77.188,10.096],[77.26,10.119],[77.28,10.207],[77.247,10.221],[77.222,10.34],[77.163,10.346],[77.052,10.285],[77.039,10.248],[76.971,10.209],[76.905,10.225],[76.864,10.29],[76.839,10.278],[76.82,10.295],[76.839,10.36],[76.807,10.415],[76.83,10.585],[76.805,10.626],[76.873,10.629],[76.856,10.675],[76.898,10.771],[76.888,10.8],[76.84,10.808],[76.818,10.862],[76.649,10.924],[76.707,11.031],[76.792,11.042],[76.737,11.048],[76.739,11.121],[76.691,11.145],[76.726,11.209],[76.697,11.231],[76.623,11.186],[76.488,11.203],[76.453,11.18],[76.446,11.23],[76.54,11.292],[76.538,11.352],[76.448,11.381],[76.41,11.434],[76.334,11.459],[76.321,11.445],[76.278,11.475],[76.24,11.46],[76.226,11.564],[76.271,11.593],[76.298,11.564],[76.35,11.583],[76.38,11.622],[76.425,11.623],[76.423,11.659],[76.451,11.655],[76.504,11.698],[76.54,11.671],[76.56,11.61],[76.746,11.611],[76.837,11.574],[76.851,11.602],[76.828,11.644],[76.9,11.783],[76.96,11.765],[76.973,11.801],[77.004,11.803],[77.032,11.784],[77.022,11.765],[77.057,11.777],[77.072,11.725],[77.109,11.713],[77.103,11.763],[77.242,11.802],[77.285,11.798],[77.326,11.759],[77.359,11.779],[77.419,11.751],[77.484,11.932],[77.665,11.94],[77.689,12.01],[77.767,12.109],[77.72,12.172],[77.482,12.19],[77.464,12.244],[77.478,12.27],[77.543,12.284],[77.606,12.36],[77.625,12.477],[77.575,12.468],[77.606,12.5],[77.579,12.507],[77.57,12.558],[77.59,12.658],[77.731,12.664],[77.799,12.787],[77.785,12.834],[77.826,12.859],[77.924,12.878],[77.91,12.82],[77.933,12.813],[77.946,12.849],[77.981,12.796],[78.001,12.795],[78.015,12.846],[78.047,12.842],[78.121,12.77],[78.221,12.753],[78.227,12.715],[78.19,12.681],[78.264,12.692],[78.368,12.612],[78.455,12.612],[78.458,12.662],[78.489,12.663],[78.493,12.703],[78.51,12.699],[78.484,12.735],[78.524,12.68],[78.548,12.686],[78.546,12.744],[78.582,12.771],[78.626,12.919],[78.647,12.919],[78.614,12.979],[78.651,13.018],[78.694,13.004],[78.702,13.056],[78.746,13.045],[78.876,13.086],[78.882,13.02],[78.925,13.019],[78.893,13.035],[78.914,13.068],[78.98,13.077],[79.069,13.014],[79.153,13.007],[79.218,13.136],[79.267,13.141],[79.308,13.097],[79.355,13.13],[79.348,13.163],[79.424,13.187],[79.446,13.217],[79.411,13.212],[79.425,13.281],[79.375,13.303],[79.429,13.324],[79.536,13.311],[79.58,13.245],[79.669,13.282],[79.689,13.207],[79.723,13.222],[79.744,13.195],[79.785,13.223],[79.721,13.272],[79.754,13.303],[79.78,13.282],[79.926,13.336],[79.954,13.374],[79.932,13.404],[79.963,13.418],[79.962,13.451],[79.995,13.459],[80.006,13.488],[80.036,13.484],[79.99,13.527],[80.076,13.527]]]]}},{"type":"Feature","properties":{"st_nm":"Tripura"},"geometry":{"type":"MultiPolygon","coordinates":[[[[92.185,24.523],[92.234,24.5],[92.231,24.46],[92.273,24.388],[92.213,24.249],[92.297,24.252],[92.329,24.191],[92.322,23.87],[92.275,23.849],[92.269,23.729],[92.247,23.724],[92.224,23.657],[92.179,23.743],[92.073,23.645],[92.023,23.658],[91.984,23.73],[91.962,23.728],[91.942,23.682],[91.975,23.482],[91.942,23.469],[91.942,23.438],[91.904,23.441],[91.847,23.4],[91.771,23.264],[91.836,23.094],[91.78,23.069],[91.785,23.032],[91.773,23.044],[91.726,22.989],[91.652,22.992],[91.619,22.944],[91.612,22.973],[91.583,22.963],[91.549,22.995],[91.522,23.139],[91.497,23.153],[91.511,23.182],[91.474,23.189],[91.486,23.212],[91.459,23.215],[91.475,23.226],[91.46,23.255],[91.424,23.255],[91.419,23.28],[91.389,23.179],[91.422,23.059],[91.378,23.064],[91.356,23.095],[91.33,23.158],[91.332,23.253],[91.306,23.291],[91.322,23.302],[91.297,23.321],[91.326,23.362],[91.297,23.354],[91.254,23.49],[91.207,23.518],[91.218,23.548],[91.167,23.599],[91.161,23.671],[91.199,23.647],[91.21,23.688],[91.158,23.691],[91.16,23.739],[91.225,23.74],[91.258,23.84],[91.235,23.929],[91.276,23.926],[91.284,23.983],[91.3,23.973],[91.306,23.999],[91.378,23.977],[91.397,24.051],[91.375,24.108],[91.596,24.08],[91.64,24.108],[91.648,24.214],[91.668,24.23],[91.692,24.159],[91.761,24.142],[91.743,24.247],[91.816,24.209],[91.847,24.228],[91.842,24.198],[91.903,24.138],[91.942,24.268],[91.92,24.336],[91.957,24.356],[91.995,24.321],[91.974,24.389],[92.119,24.384],[92.139,24.424],[92.173,24.431],[92.152,24.5],[92.156,24.524],[92.185,24.523]]]]}},{"type":"Feature","properties":{"st_nm":"Uttar Pradesh"},"geometry":{"type":"MultiPolygon","coordinates":[[[[77.585,30.409],[77.634,30.411],[77.711,30.339],[77.931,30.247],[77.839,30.112],[77.813,30.09],[77.786,30.1],[77.702,29.872],[77.765,29.785],[77.758,29.716],[77.793,29.682],[77.829,29.669],[77.874,29.702],[77.952,29.705],[77.977,29.614],[77.952,29.616],[77.947,29.59],[77.984,29.588],[77.988,29.546],[78.037,29.553],[78.044,29.593],[78.082,29.602],[78.139,29.676],[78.194,29.71],[78.231,29.704],[78.332,29.796],[78.413,29.772],[78.488,29.741],[78.527,29.624],[78.605,29.562],[78.786,29.476],[78.923,29.456],[78.87,29.392],[78.829,29.368],[78.809,29.383],[78.789,29.329],[78.757,29.35],[78.714,29.317],[78.8,29.258],[78.853,29.261],[78.899,29.203],[78.9,29.151],[78.962,29.167],[79.017,29.118],[79.027,29.172],[79.131,29.129],[79.158,29.023],[79.204,29.029],[79.299,28.953],[79.352,28.952],[79.36,28.97],[79.401,28.932],[79.411,28.856],[79.507,28.863],[79.536,28.893],[79.551,28.846],[79.614,28.869],[79.666,28.848],[79.774,28.892],[79.809,28.863],[79.783,28.805],[79.854,28.844],[79.876,28.818],[79.841,28.809],[79.901,28.802],[79.889,28.786],[79.922,28.733],[79.968,28.716],[80.033,28.761],[80.026,28.8],[80.058,28.835],[80.12,28.829],[80.218,28.755],[80.264,28.749],[80.258,28.729],[80.319,28.7],[80.373,28.629],[80.453,28.629],[80.47,28.583],[80.519,28.552],[80.532,28.573],[80.505,28.665],[80.57,28.688],[80.592,28.68],[80.591,28.648],[80.669,28.642],[80.692,28.587],[80.77,28.566],[80.791,28.524],[80.867,28.489],[80.878,28.51],[80.91,28.498],[80.917,28.458],[80.982,28.455],[80.981,28.434],[81.019,28.452],[81.034,28.399],[81.212,28.361],[81.235,28.289],[81.322,28.197],[81.323,28.169],[81.304,28.167],[81.33,28.148],[81.32,28.133],[81.373,28.142],[81.377,28.177],[81.446,28.162],[81.486,28.118],[81.48,28.083],[81.626,28.001],[81.704,27.987],[81.887,27.857],[81.928,27.86],[81.97,27.929],[82.07,27.923],[82.125,27.865],[82.21,27.843],[82.451,27.679],[82.71,27.722],[82.714,27.665],[82.758,27.587],[82.737,27.503],[82.932,27.501],[82.956,27.468],[83.036,27.449],[83.19,27.454],[83.32,27.33],[83.361,27.343],[83.412,27.413],[83.387,27.435],[83.404,27.457],[83.391,27.479],[83.617,27.469],[83.833,27.37],[83.859,27.351],[83.831,27.321],[83.917,27.325],[83.898,27.259],[83.954,27.235],[83.985,27.182],[83.939,27.093],[84.021,27.095],[83.991,27.069],[84.041,27.045],[84.047,26.962],[84.025,26.943],[84.052,26.892],[84.141,26.888],[84.132,26.856],[84.169,26.835],[84.209,26.871],[84.241,26.862],[84.234,26.74],[84.298,26.753],[84.326,26.684],[84.402,26.671],[84.414,26.627],[84.272,26.599],[84.082,26.643],[84.048,26.543],[83.974,26.532],[83.963,26.509],[83.902,26.518],[83.902,26.45],[84.011,26.448],[84.072,26.384],[84.171,26.374],[84.182,26.317],[84.159,26.246],[84.113,26.262],[84.079,26.221],[84.012,26.241],[84.024,26.201],[84.003,26.178],[84.049,26.1],[84.091,26.097],[84.167,26.025],[84.166,25.992],[84.202,26.001],[84.296,25.947],[84.351,25.959],[84.408,25.931],[84.423,25.892],[84.529,25.878],[84.527,25.834],[84.62,25.794],[84.601,25.761],[84.631,25.728],[84.556,25.736],[84.552,25.684],[84.531,25.693],[84.536,25.726],[84.525,25.684],[84.488,25.678],[84.449,25.714],[84.402,25.7],[84.38,25.749],[84.331,25.745],[84.319,25.672],[84.284,25.677],[84.286,25.662],[84.203,25.67],[84.194,25.703],[84.148,25.731],[84.094,25.72],[84.07,25.696],[84.077,25.638],[83.917,25.558],[83.851,25.474],[83.81,25.466],[83.838,25.437],[83.794,25.432],[83.799,25.411],[83.762,25.388],[83.733,25.411],[83.695,25.396],[83.643,25.341],[83.535,25.315],[83.336,25.184],[83.357,25.124],[83.316,25.027],[83.344,25.01],[83.354,24.871],[83.39,24.833],[83.387,24.784],[83.453,24.733],[83.48,24.738],[83.481,24.706],[83.514,24.681],[83.498,24.652],[83.542,24.625],[83.498,24.527],[83.393,24.501],[83.381,24.456],[83.4,24.409],[83.43,24.404],[83.451,24.365],[83.376,24.315],[83.402,24.266],[83.349,24.126],[83.289,24.073],[83.276,24.023],[83.216,23.989],[83.19,23.921],[83.087,23.878],[82.939,23.876],[82.8,23.967],[82.797,24.005],[82.746,24.013],[82.766,24.078],[82.708,24.081],[82.664,24.124],[82.671,24.158],[82.72,24.139],[82.727,24.223],[82.764,24.292],[82.761,24.373],[82.707,24.385],[82.737,24.5],[82.713,24.556],[82.801,24.553],[82.796,24.6],[82.76,24.6],[82.763,24.646],[82.695,24.644],[82.696,24.676],[82.658,24.7],[82.529,24.652],[82.518,24.678],[82.449,24.678],[82.432,24.706],[82.402,24.684],[82.409,24.598],[82.294,24.614],[82.296,24.67],[82.263,24.686],[82.23,24.67],[82.244,24.776],[82.238,24.754],[82.199,24.752],[82.214,24.729],[82.173,24.74],[82.189,24.782],[82.209,24.781],[82.179,24.805],[82.196,24.825],[82.159,24.792],[82.112,24.792],[82.005,24.851],[81.959,24.831],[81.896,24.893],[81.898,25.01],[81.886,24.993],[81.829,25.019],[81.789,25.01],[81.732,25.049],[81.682,25.044],[81.659,25.08],[81.604,25.061],[81.594,25.08],[81.632,25.103],[81.617,25.123],[81.601,25.1],[81.592,25.136],[81.619,25.16],[81.566,25.196],[81.51,25.187],[81.525,25.144],[81.473,25.137],[81.508,25.107],[81.484,25.075],[81.401,25.108],[81.438,25.11],[81.43,25.134],[81.391,25.123],[81.33,25.172],[81.315,25.116],[81.306,25.166],[81.269,25.168],[81.246,25.106],[81.262,25.068],[81.202,24.996],[81.213,24.935],[81.184,24.929],[81.199,24.935],[81.161,24.959],[81.132,24.892],[81.076,24.952],[81.01,24.954],[81.017,24.932],[80.955,24.926],[80.937,24.972],[80.9,24.94],[80.802,24.944],[80.79,24.972],[80.848,24.998],[80.827,25.039],[80.871,25.071],[80.865,25.124],[80.905,25.16],[80.878,25.196],[80.836,25.193],[80.828,25.11],[80.8,25.146],[80.7,25.137],[80.725,25.098],[80.776,25.084],[80.776,25.062],[80.674,25.054],[80.679,25.082],[80.601,25.104],[80.632,25.123],[80.595,25.155],[80.607,25.072],[80.562,25.091],[80.543,25.068],[80.476,25.102],[80.5,25.09],[80.494,25.045],[80.441,25.082],[80.366,25.058],[80.382,25.01],[80.278,25.022],[80.282,25.063],[80.351,25.145],[80.424,25.174],[80.399,25.243],[80.304,25.289],[80.311,25.387],[80.256,25.429],[80.245,25.405],[80.194,25.416],[80.188,25.384],[80.123,25.338],[80.083,25.356],[80.021,25.343],[79.997,25.269],[79.943,25.272],[79.913,25.233],[79.902,25.257],[79.847,25.24],[79.872,25.15],[79.848,25.133],[79.856,25.099],[79.746,25.144],[79.598,25.131],[79.603,25.155],[79.566,25.178],[79.49,25.083],[79.461,25.096],[79.468,25.134],[79.431,25.108],[79.415,25.139],[79.399,25.113],[79.384,25.17],[79.41,25.209],[79.443,25.213],[79.427,25.225],[79.459,25.269],[79.49,25.27],[79.457,25.284],[79.415,25.259],[79.367,25.294],[79.353,25.265],[79.331,25.294],[79.346,25.333],[79.295,25.34],[79.26,25.31],[79.259,25.271],[79.288,25.29],[79.31,25.262],[79.34,25.273],[79.329,25.23],[79.347,25.214],[79.333,25.201],[79.274,25.248],[79.279,25.197],[79.315,25.152],[79.303,25.133],[79.26,25.122],[79.259,25.153],[79.236,25.161],[79.214,25.148],[79.244,25.141],[79.238,25.116],[79.206,25.114],[79.185,25.151],[79.167,25.142],[79.179,25.118],[79.129,25.111],[79.108,25.144],[79.12,25.164],[79.084,25.193],[79.043,25.138],[79.022,25.143],[79.056,25.226],[79.012,25.248],[79.005,25.277],[78.971,25.245],[78.995,25.234],[78.996,25.196],[78.948,25.22],[78.872,25.166],[78.876,25.256],[78.97,25.285],[78.953,25.35],[78.928,25.332],[78.877,25.344],[78.842,25.229],[78.806,25.271],[78.812,25.3],[78.783,25.298],[78.844,25.332],[78.875,25.388],[78.949,25.4],[78.892,25.375],[78.929,25.352],[78.979,25.376],[78.96,25.439],[78.903,25.447],[78.936,25.48],[78.916,25.521],[78.942,25.531],[78.931,25.56],[78.917,25.541],[78.874,25.557],[78.876,25.524],[78.828,25.51],[78.857,25.467],[78.834,25.432],[78.814,25.446],[78.846,25.454],[78.83,25.466],[78.732,25.501],[78.725,25.463],[78.755,25.434],[78.813,25.43],[78.743,25.413],[78.764,25.358],[78.714,25.353],[78.709,25.379],[78.658,25.388],[78.657,25.42],[78.669,25.404],[78.701,25.429],[78.653,25.444],[78.629,25.406],[78.561,25.396],[78.576,25.352],[78.525,25.363],[78.541,25.327],[78.525,25.307],[78.492,25.324],[78.467,25.293],[78.427,25.289],[78.454,25.271],[78.497,25.294],[78.569,25.259],[78.597,25.098],[78.642,25.061],[78.622,24.965],[78.668,24.902],[78.764,24.861],[78.781,24.815],[78.772,24.704],[78.74,24.66],[78.749,24.605],[78.777,24.593],[78.882,24.64],[78.966,24.497],[78.931,24.485],[78.914,24.501],[78.909,24.467],[78.984,24.441],[78.967,24.354],[78.908,24.301],[78.879,24.223],[78.814,24.21],[78.792,24.18],[78.76,24.258],[78.746,24.239],[78.669,24.245],[78.578,24.357],[78.505,24.394],[78.407,24.277],[78.342,24.305],[78.325,24.334],[78.361,24.386],[78.267,24.447],[78.27,24.476],[78.217,24.532],[78.259,24.558],[78.268,24.667],[78.209,24.813],[78.164,24.857],[78.165,24.882],[78.328,25.0],[78.328,25.089],[78.395,25.131],[78.443,25.129],[78.418,25.153],[78.446,25.169],[78.385,25.195],[78.398,25.218],[78.355,25.246],[78.345,25.298],[78.308,25.311],[78.331,25.337],[78.296,25.375],[78.348,25.455],[78.377,25.448],[78.421,25.478],[78.409,25.533],[78.429,25.564],[78.455,25.552],[78.486,25.582],[78.581,25.564],[78.609,25.589],[78.649,25.566],[78.677,25.594],[78.805,25.625],[78.811,25.674],[78.747,25.749],[78.821,25.799],[78.8,25.813],[78.811,25.83],[78.862,25.799],[78.847,25.861],[78.883,25.87],[78.876,25.916],[78.93,25.949],[78.944,26.037],[79.003,26.082],[78.943,26.139],[79.001,26.155],[78.977,26.195],[79.015,26.197],[79.017,26.232],[79.063,26.247],[79.037,26.267],[79.067,26.288],[79.084,26.272],[79.094,26.312],[79.127,26.316],[79.116,26.335],[79.134,26.345],[79.077,26.366],[79.087,26.418],[79.117,26.417],[79.127,26.445],[79.048,26.456],[79.061,26.503],[78.98,26.574],[79.006,26.61],[78.993,26.685],[78.938,26.663],[78.948,26.697],[78.865,26.705],[78.811,26.765],[78.766,26.765],[78.741,26.793],[78.723,26.779],[78.715,26.8],[78.566,26.758],[78.451,26.798],[78.426,26.832],[78.39,26.825],[78.351,26.874],[78.282,26.864],[78.261,26.821],[78.21,26.836],[78.191,26.889],[78.227,26.883],[78.262,26.924],[78.216,26.954],[78.111,26.953],[78.101,26.905],[78.042,26.915],[78.048,26.875],[78.022,26.861],[78.007,26.911],[77.942,26.9],[77.9,26.925],[77.89,26.889],[77.753,26.938],[77.719,26.916],[77.716,26.881],[77.605,26.833],[77.521,26.822],[77.498,26.848],[77.48,26.754],[77.448,26.747],[77.456,26.78],[77.429,26.77],[77.422,26.867],[77.649,26.974],[77.736,26.988],[77.755,27.023],[77.726,27.032],[77.714,26.998],[77.678,27.051],[77.627,27.016],[77.557,27.037],[77.566,27.078],[77.514,27.07],[77.502,27.099],[77.591,27.123],[77.605,27.168],[77.673,27.2],[77.64,27.217],[77.592,27.301],[77.614,27.343],[77.575,27.327],[77.432,27.399],[77.415,27.425],[77.43,27.462],[77.382,27.517],[77.335,27.53],[77.35,27.593],[77.311,27.612],[77.342,27.653],[77.337,27.696],[77.298,27.719],[77.304,27.788],[77.276,27.807],[77.339,27.86],[77.412,27.859],[77.412,27.896],[77.458,27.885],[77.478,27.94],[77.536,27.949],[77.51,27.973],[77.535,27.993],[77.479,28.044],[77.469,28.086],[77.478,28.108],[77.492,28.098],[77.496,28.16],[77.542,28.182],[77.492,28.185],[77.489,28.212],[77.519,28.202],[77.516,28.23],[77.541,28.248],[77.467,28.27],[77.496,28.307],[77.464,28.338],[77.494,28.358],[77.475,28.414],[77.369,28.481],[77.295,28.561],[77.336,28.609],[77.311,28.645],[77.323,28.716],[77.285,28.712],[77.194,28.802],[77.217,28.835],[77.178,28.886],[77.221,28.904],[77.19,28.956],[77.214,29.006],[77.122,29.106],[77.14,29.182],[77.125,29.225],[77.144,29.243],[77.129,29.273],[77.154,29.335],[77.118,29.357],[77.147,29.39],[77.126,29.411],[77.139,29.442],[77.114,29.462],[77.12,29.497],[77.085,29.534],[77.11,29.553],[77.086,29.601],[77.131,29.663],[77.119,29.686],[77.143,29.706],[77.117,29.771],[77.152,29.793],[77.189,29.922],[77.263,30.002],[77.27,30.048],[77.414,30.107],[77.398,30.119],[77.424,30.168],[77.473,30.189],[77.527,30.282],[77.57,30.311],[77.592,30.371],[77.563,30.404],[77.585,30.409]]]]}},{"type":"Feature","properties":{"st_nm":"Uttaranchal"},"geometry":{"type":"MultiPolygon","coordinates":[[[[79.195,31.354],[79.248,31.297],[79.234,31.254],[79.273,31.231],[79.285,31.17],[79.325,31.13],[79.382,31.118],[79.413,31.038],[79.501,31.039],[79.531,30.974],[79.587,30.943],[79.742,31.007],[79.855,30.979],[79.915,30.892],[80.044,30.844],[80.103,30.78],[80.157,30.813],[80.19,30.764],[80.224,30.764],[80.237,30.738],[80.22,30.697],[80.18,30.67],[80.209,30.645],[80.216,30.579],[80.401,30.531],[80.526,30.454],[80.584,30.487],[80.737,30.398],[80.811,30.32],[81.02,30.253],[81.019,30.237],[80.912,30.223],[80.865,30.169],[80.879,30.129],[80.763,30.049],[80.749,30.007],[80.678,29.958],[80.605,29.959],[80.555,29.849],[80.497,29.797],[80.438,29.806],[80.37,29.751],[80.386,29.675],[80.422,29.639],[80.409,29.595],[80.344,29.553],[80.351,29.519],[80.288,29.477],[80.304,29.453],[80.245,29.445],[80.243,29.412],[80.318,29.316],[80.299,29.205],[80.25,29.221],[80.273,29.142],[80.235,29.118],[80.186,29.137],[80.146,29.103],[80.137,29.007],[80.06,28.916],[80.072,28.83],[80.026,28.8],[80.035,28.763],[79.988,28.717],[79.922,28.733],[79.889,28.786],[79.901,28.802],[79.841,28.809],[79.876,28.818],[79.854,28.844],[79.783,28.805],[79.809,28.863],[79.774,28.892],[79.666,28.848],[79.614,28.869],[79.551,28.846],[79.536,28.893],[79.507,28.863],[79.411,28.856],[79.401,28.932],[79.36,28.97],[79.352,28.952],[79.299,28.953],[79.204,29.029],[79.158,29.023],[79.131,29.129],[79.027,29.172],[79.017,29.118],[78.962,29.167],[78.9,29.151],[78.899,29.203],[78.853,29.261],[78.8,29.258],[78.714,29.317],[78.757,29.35],[78.789,29.329],[78.809,29.383],[78.829,29.368],[78.87,29.392],[78.923,29.456],[78.786,29.476],[78.605,29.562],[78.527,29.624],[78.474,29.748],[78.332,29.796],[78.231,29.704],[78.194,29.71],[78.139,29.676],[78.082,29.602],[78.044,29.593],[78.037,29.553],[77.988,29.546],[77.984,29.588],[77.947,29.59],[77.952,29.616],[77.977,29.614],[77.952,29.705],[77.874,29.702],[77.829,29.669],[77.793,29.682],[77.758,29.716],[77.765,29.785],[77.702,29.872],[77.786,30.1],[77.813,30.09],[77.839,30.112],[77.931,30.247],[77.711,30.339],[77.634,30.411],[77.563,30.417],[77.679,30.452],[77.811,30.533],[77.803,30.564],[77.762,30.563],[77.73,30.598],[77.782,30.619],[77.779,30.664],[77.733,30.686],[77.741,30.711],[77.688,30.769],[77.744,30.83],[77.745,30.881],[77.789,30.859],[77.796,30.924],[77.746,30.922],[77.735,30.96],[77.764,30.977],[77.817,30.954],[77.796,30.97],[77.825,31.008],[77.801,31.062],[77.843,31.081],[77.887,31.155],[77.955,31.179],[78.014,31.155],[78.03,31.185],[78.088,31.191],[78.148,31.232],[78.233,31.235],[78.298,31.288],[78.356,31.291],[78.398,31.248],[78.444,31.244],[78.47,31.204],[78.595,31.236],[78.648,31.195],[78.795,31.205],[78.862,31.112],[78.942,31.105],[78.997,31.118],[78.972,31.182],[78.91,31.234],[78.923,31.325],[78.992,31.364],[79.045,31.468],[79.129,31.439],[79.195,31.354]]]]}},{"type":"Feature","properties":{"st_nm":"West Bengal"},"geometry":{"type":"MultiPolygon","coordinates":[[[[88.019,21.573],[88.022,21.569],[88.019,21.568],[88.017,21.573],[88.016,21.577],[88.016,21.581],[88.018,21.574],[88.019,21.573]]],[[[88.498,21.6],[88.534,21.578],[88.531,21.542],[88.506,21.541],[88.503,21.565],[88.504,21.544],[88.482,21.555],[88.498,21.6]]],[[[88.178,21.601],[88.184,21.584],[88.186,21.571],[88.183,21.56],[88.173,21.573],[88.168,21.593],[88.178,21.601],[88.178,21.601]]],[[[88.835,21.607],[88.904,21.556],[88.843,21.554],[88.835,21.607]]],[[[88.729,21.637],[88.757,21.599],[88.736,21.572],[88.707,21.594],[88.729,21.637]]],[[[88.537,21.639],[88.588,21.602],[88.55,21.564],[88.537,21.587],[88.557,21.604],[88.537,21.588],[88.51,21.602],[88.524,21.653],[88.537,21.639]]],[[[88.892,21.652],[88.894,21.65],[88.893,21.65],[88.891,21.652],[88.889,21.654],[88.89,21.654],[88.892,21.652]]],[[[88.772,21.653],[88.798,21.592],[88.752,21.577],[88.73,21.64],[88.772,21.653]]],[[[88.966,21.642],[88.991,21.644],[88.993,21.617],[88.956,21.618],[88.94,21.647],[88.955,21.677],[88.966,21.642]]],[[[88.634,21.657],[88.631,21.649],[88.63,21.666],[88.637,21.676],[88.641,21.675],[88.638,21.666],[88.634,21.657]]],[[[88.577,21.692],[88.602,21.621],[88.554,21.64],[88.577,21.692]]],[[[88.592,21.694],[88.606,21.68],[88.589,21.657],[88.592,21.694]]],[[[88.984,21.706],[88.988,21.653],[89.023,21.654],[89.029,21.605],[89.0,21.602],[88.992,21.644],[88.964,21.646],[88.951,21.701],[88.984,21.706]]],[[[88.807,21.707],[88.797,21.655],[88.731,21.685],[88.807,21.707]]],[[[88.311,21.706],[88.346,21.689],[88.358,21.648],[88.315,21.608],[88.311,21.706]]],[[[88.454,21.709],[88.471,21.673],[88.442,21.615],[88.419,21.683],[88.454,21.709]]],[[[88.697,21.713],[88.751,21.649],[88.723,21.639],[88.687,21.683],[88.697,21.713]]],[[[88.205,21.721],[88.217,21.701],[88.196,21.682],[88.232,21.644],[88.212,21.602],[88.181,21.686],[88.205,21.721]]],[[[89.059,21.722],[89.095,21.644],[89.052,21.618],[89.01,21.705],[89.059,21.722]]],[[[88.978,21.727],[89.021,21.714],[89.008,21.652],[88.99,21.654],[88.978,21.727]]],[[[88.546,21.736],[88.571,21.733],[88.591,21.691],[88.543,21.724],[88.574,21.694],[88.553,21.703],[88.569,21.669],[88.551,21.636],[88.517,21.711],[88.546,21.736]]],[[[88.196,21.724],[88.196,21.729],[88.198,21.732],[88.201,21.736],[88.201,21.733],[88.199,21.728],[88.196,21.725],[88.196,21.724]]],[[[88.883,21.745],[88.94,21.695],[88.921,21.632],[88.873,21.694],[88.883,21.745]]],[[[88.412,21.731],[88.432,21.627],[88.399,21.596],[88.38,21.681],[88.404,21.717],[88.369,21.727],[88.395,21.755],[88.412,21.731]]],[[[88.221,21.762],[88.272,21.754],[88.262,21.73],[88.31,21.676],[88.292,21.563],[88.248,21.564],[88.216,21.616],[88.233,21.668],[88.198,21.689],[88.22,21.7],[88.221,21.762]]],[[[88.927,21.762],[88.987,21.745],[88.969,21.723],[88.983,21.706],[88.923,21.72],[88.927,21.762]]],[[[88.365,21.764],[88.365,21.722],[88.398,21.713],[88.361,21.686],[88.338,21.711],[88.343,21.754],[88.365,21.764]]],[[[89.005,21.765],[89.059,21.726],[89.017,21.718],[89.005,21.765]]],[[[88.832,21.766],[88.865,21.759],[88.839,21.707],[88.86,21.637],[88.844,21.627],[88.829,21.651],[88.846,21.62],[88.809,21.639],[88.815,21.71],[88.763,21.701],[88.791,21.749],[88.832,21.766]]],[[[88.385,21.764],[88.387,21.741],[88.362,21.732],[88.385,21.764]]],[[[88.201,21.769],[88.202,21.765],[88.202,21.762],[88.196,21.757],[88.194,21.76],[88.194,21.764],[88.199,21.769],[88.201,21.769]]],[[[88.283,21.765],[88.281,21.767],[88.279,21.77],[88.282,21.769],[88.283,21.767],[88.283,21.766],[88.283,21.765],[88.283,21.765]]],[[[88.582,21.778],[88.616,21.728],[88.58,21.726],[88.582,21.778]]],[[[88.302,21.725],[88.297,21.706],[88.278,21.728],[88.289,21.778],[88.302,21.725]]],[[[88.505,21.783],[88.503,21.781],[88.501,21.782],[88.502,21.784],[88.503,21.786],[88.506,21.788],[88.506,21.785],[88.505,21.783]]],[[[89.0,21.785],[89.004,21.716],[88.951,21.758],[89.0,21.785]]],[[[88.61,21.79],[88.631,21.743],[88.609,21.708],[88.623,21.737],[88.586,21.757],[88.61,21.79]]],[[[88.274,21.791],[88.287,21.785],[88.284,21.774],[88.277,21.773],[88.27,21.781],[88.264,21.792],[88.274,21.791],[88.274,21.791]]],[[[88.183,21.788],[88.181,21.786],[88.18,21.788],[88.179,21.791],[88.18,21.795],[88.184,21.792],[88.185,21.789],[88.183,21.788]]],[[[88.459,21.789],[88.475,21.791],[88.467,21.737],[88.433,21.704],[88.423,21.768],[88.459,21.789]]],[[[88.716,21.807],[88.777,21.721],[88.736,21.719],[88.763,21.693],[88.729,21.687],[88.748,21.658],[88.695,21.744],[88.716,21.807]]],[[[88.171,21.809],[88.174,21.802],[88.173,21.796],[88.169,21.791],[88.165,21.799],[88.167,21.806],[88.17,21.808],[88.171,21.809]]],[[[88.545,21.81],[88.572,21.788],[88.573,21.736],[88.519,21.719],[88.504,21.757],[88.535,21.792],[88.504,21.771],[88.545,21.81]]],[[[88.422,21.811],[88.443,21.8],[88.423,21.72],[88.383,21.779],[88.422,21.811]]],[[[89.0,21.812],[89.016,21.812],[89.024,21.759],[88.999,21.767],[89.0,21.812]]],[[[88.751,21.795],[88.746,21.772],[88.728,21.78],[88.751,21.814],[88.751,21.795]]],[[[88.828,21.804],[88.83,21.767],[88.791,21.75],[88.822,21.823],[88.828,21.804]]],[[[88.787,21.745],[88.757,21.733],[88.75,21.77],[88.782,21.825],[88.787,21.745]]],[[[88.916,21.826],[88.937,21.817],[88.898,21.752],[88.907,21.794],[88.883,21.808],[88.916,21.826]]],[[[88.182,21.826],[88.184,21.822],[88.186,21.82],[88.184,21.82],[88.182,21.821],[88.179,21.826],[88.181,21.827],[88.182,21.826]]],[[[88.559,21.83],[88.56,21.828],[88.559,21.826],[88.557,21.824],[88.556,21.825],[88.557,21.827],[88.559,21.829],[88.559,21.83]]],[[[88.485,21.835],[88.496,21.808],[88.453,21.806],[88.485,21.835]]],[[[88.941,21.847],[88.977,21.821],[88.94,21.793],[88.959,21.771],[88.914,21.756],[88.941,21.847]]],[[[88.592,21.85],[88.618,21.829],[88.614,21.798],[88.576,21.817],[88.592,21.85]]],[[[88.52,21.855],[88.526,21.847],[88.527,21.839],[88.522,21.835],[88.516,21.84],[88.522,21.848],[88.518,21.854],[88.52,21.855]]],[[[88.538,21.854],[88.536,21.854],[88.539,21.856],[88.541,21.857],[88.542,21.857],[88.541,21.855],[88.538,21.854],[88.538,21.854]]],[[[88.331,21.861],[88.38,21.787],[88.317,21.709],[88.311,21.796],[88.294,21.803],[88.31,21.793],[88.296,21.774],[88.26,21.804],[88.331,21.861]]],[[[88.856,21.865],[88.913,21.728],[88.835,21.782],[88.856,21.865]]],[[[88.583,21.866],[88.581,21.869],[88.581,21.873],[88.584,21.877],[88.585,21.873],[88.585,21.87],[88.583,21.866]]],[[[88.137,21.875],[88.173,21.812],[88.171,21.742],[88.143,21.68],[88.155,21.65],[88.109,21.626],[88.042,21.649],[88.037,21.675],[88.137,21.875]]],[[[88.789,21.879],[88.83,21.862],[88.795,21.791],[88.766,21.829],[88.789,21.879]]],[[[88.979,21.893],[89.029,21.866],[89.025,21.849],[88.989,21.868],[89.03,21.835],[88.97,21.775],[88.943,21.787],[88.977,21.805],[88.95,21.838],[88.979,21.893]]],[[[88.622,21.898],[88.654,21.868],[88.639,21.785],[88.595,21.854],[88.622,21.898]]],[[[88.137,21.895],[88.136,21.894],[88.136,21.896],[88.138,21.898],[88.138,21.898],[88.138,21.898],[88.139,21.898],[88.137,21.895],[88.137,21.895]]],[[[88.817,21.901],[88.841,21.887],[88.829,21.865],[88.8,21.871],[88.817,21.901]]],[[[88.562,21.897],[88.573,21.858],[88.551,21.817],[88.531,21.849],[88.541,21.903],[88.562,21.897]]],[[[88.425,21.904],[88.423,21.904],[88.422,21.904],[88.421,21.905],[88.422,21.906],[88.424,21.906],[88.425,21.905],[88.425,21.904]]],[[[88.446,21.905],[88.482,21.888],[88.49,21.856],[88.448,21.815],[88.461,21.79],[88.424,21.812],[88.402,21.798],[88.393,21.833],[88.419,21.902],[88.446,21.905]]],[[[88.718,21.907],[88.781,21.859],[88.758,21.781],[88.752,21.815],[88.726,21.794],[88.707,21.811],[88.728,21.837],[88.697,21.838],[88.718,21.907]]],[[[88.107,21.894],[88.111,21.886],[88.105,21.891],[88.107,21.902],[88.111,21.909],[88.109,21.904],[88.107,21.894],[88.107,21.894]]],[[[88.505,21.913],[88.504,21.904],[88.499,21.896],[88.479,21.896],[88.479,21.904],[88.489,21.91],[88.502,21.913],[88.505,21.913]]],[[[88.452,21.906],[88.447,21.906],[88.442,21.908],[88.448,21.911],[88.456,21.914],[88.455,21.91],[88.452,21.906]]],[[[88.64,21.922],[88.668,21.912],[88.634,21.871],[88.64,21.922]]],[[[88.135,21.927],[88.129,21.899],[88.116,21.918],[88.135,21.927]]],[[[88.837,21.918],[88.915,21.928],[88.974,21.898],[88.977,21.868],[88.956,21.854],[88.943,21.885],[88.947,21.841],[88.907,21.879],[88.939,21.85],[88.888,21.812],[88.82,21.928],[88.837,21.918]]],[[[88.724,21.932],[88.799,21.92],[88.808,21.884],[88.776,21.87],[88.719,21.909],[88.724,21.932]]],[[[88.163,21.937],[88.169,21.934],[88.171,21.927],[88.167,21.918],[88.163,21.921],[88.16,21.928],[88.163,21.937]]],[[[88.745,21.98],[88.799,21.926],[88.733,21.925],[88.724,21.974],[88.745,21.98]]],[[[88.759,21.999],[88.754,21.99],[88.748,21.985],[88.741,21.988],[88.749,21.996],[88.756,22.004],[88.759,22.0],[88.759,21.999]]],[[[88.66,22.019],[88.716,22.001],[88.693,21.97],[88.687,21.991],[88.678,21.943],[88.629,21.958],[88.66,22.019]]],[[[88.141,22.026],[88.088,21.933],[88.047,21.912],[88.073,21.995],[88.141,22.026]]],[[[88.813,22.019],[88.902,22.012],[88.907,21.93],[88.857,21.919],[88.753,21.956],[88.753,21.985],[88.8,21.97],[88.754,21.988],[88.762,22.015],[88.813,22.019]]],[[[88.731,22.045],[88.733,22.044],[88.734,22.043],[88.733,22.042],[88.732,22.043],[88.731,22.043],[88.731,22.045],[88.731,22.045]]],[[[88.764,22.052],[88.791,22.029],[88.762,22.021],[88.764,22.052]]],[[[88.903,22.045],[88.892,22.015],[88.852,22.041],[88.903,22.045]]],[[[88.031,22.061],[88.031,22.059],[88.029,22.059],[88.028,22.059],[88.028,22.061],[88.027,22.062],[88.028,22.062],[88.031,22.061]]],[[[89.016,22.051],[89.074,22.004],[89.06,21.932],[89.0,21.949],[89.033,22.002],[88.992,21.974],[88.976,21.991],[88.999,22.007],[88.974,21.994],[88.985,22.055],[89.016,22.051]]],[[[88.636,22.051],[88.633,22.049],[88.629,22.053],[88.628,22.061],[88.632,22.061],[88.634,22.056],[88.636,22.052],[88.636,22.051]]],[[[88.812,22.061],[88.832,22.027],[88.78,22.038],[88.812,22.061]]],[[[88.871,22.079],[88.89,22.048],[88.836,22.025],[88.846,22.062],[88.82,22.064],[88.871,22.079]]],[[[88.69,22.08],[88.69,22.08],[88.69,22.08],[88.689,22.081],[88.689,22.081],[88.689,22.082],[88.69,22.082],[88.69,22.081],[88.69,22.08],[88.69,22.08],[88.69,22.08]]],[[[88.904,22.084],[88.871,22.064],[88.87,22.087],[88.904,22.084]]],[[[88.722,22.099],[88.713,22.093],[88.702,22.087],[88.693,22.08],[88.698,22.089],[88.713,22.097],[88.723,22.101],[88.722,22.099]]],[[[88.803,22.085],[88.836,22.066],[88.748,22.057],[88.784,22.107],[88.803,22.085]]],[[[88.818,22.123],[88.868,22.083],[88.838,22.073],[88.819,22.104],[88.806,22.085],[88.818,22.123]]],[[[88.729,22.114],[88.728,22.118],[88.73,22.123],[88.735,22.129],[88.736,22.125],[88.734,22.121],[88.731,22.116],[88.729,22.114]]],[[[88.865,22.167],[88.9,22.148],[88.916,22.09],[88.892,22.114],[88.895,22.091],[88.872,22.088],[88.831,22.127],[88.865,22.167]]],[[[88.95,22.189],[88.985,22.127],[88.969,22.083],[88.951,22.104],[88.967,22.079],[88.925,22.065],[88.924,22.024],[88.946,22.0],[88.935,22.055],[88.964,22.057],[88.972,21.988],[89.014,21.979],[88.991,21.952],[89.021,21.922],[89.013,21.902],[88.969,21.921],[88.976,21.946],[88.966,21.923],[88.936,21.936],[88.913,21.994],[88.901,22.065],[88.94,22.128],[88.913,22.13],[88.894,22.17],[88.92,22.161],[88.95,22.189]]],[[[89.002,22.199],[89.05,22.131],[89.015,22.114],[89.036,22.109],[89.038,22.053],[89.023,22.079],[89.026,22.053],[88.978,22.04],[88.962,22.06],[88.997,22.138],[88.973,22.193],[89.002,22.199]]],[[[88.695,22.209],[88.789,22.169],[88.683,22.081],[88.736,22.032],[88.721,22.005],[88.664,22.024],[88.634,22.106],[88.695,22.209]]],[[[88.845,22.189],[88.86,22.203],[88.856,22.144],[88.778,22.111],[88.739,22.057],[88.705,22.065],[88.749,22.135],[88.809,22.179],[88.838,22.167],[88.828,22.208],[88.845,22.189]]],[[[87.99,22.218],[87.992,22.216],[87.994,22.216],[87.995,22.212],[87.991,22.214],[87.988,22.218],[87.989,22.218],[87.99,22.218]]],[[[88.932,22.225],[88.962,22.197],[88.931,22.177],[88.908,22.196],[88.932,22.225]]],[[[88.813,22.283],[88.826,22.241],[88.798,22.226],[88.834,22.167],[88.747,22.199],[88.753,22.231],[88.813,22.283]]],[[[88.85,22.363],[88.937,22.299],[88.93,22.259],[88.954,22.225],[88.914,22.22],[88.843,22.29],[88.887,22.265],[88.919,22.165],[88.872,22.171],[88.884,22.212],[88.841,22.214],[88.876,22.253],[88.839,22.216],[88.881,22.2],[88.819,22.196],[88.801,22.226],[88.83,22.254],[88.804,22.33],[88.818,22.359],[88.85,22.363]]],[[[88.985,22.382],[88.984,22.325],[89.023,22.298],[88.994,22.286],[89.067,22.198],[89.069,22.147],[89.096,22.155],[89.062,22.128],[89.023,22.166],[89.02,22.206],[88.973,22.21],[88.947,22.256],[88.967,22.408],[88.985,22.382]]],[[[87.938,22.397],[87.937,22.399],[87.935,22.404],[87.934,22.408],[87.936,22.406],[87.938,22.403],[87.939,22.397],[87.938,22.397]]],[[[88.862,22.399],[88.881,22.403],[88.899,22.337],[88.861,22.371],[88.862,22.399]]],[[[88.868,22.411],[88.872,22.408],[88.874,22.406],[88.872,22.405],[88.871,22.407],[88.868,22.409],[88.868,22.411],[88.868,22.411]]],[[[88.919,22.427],[88.916,22.424],[88.913,22.423],[88.911,22.424],[88.913,22.426],[88.916,22.427],[88.918,22.429],[88.919,22.427]]],[[[87.926,22.425],[87.923,22.427],[87.92,22.429],[87.92,22.43],[87.922,22.428],[87.925,22.427],[87.926,22.425]]],[[[87.912,22.432],[87.914,22.432],[87.918,22.431],[87.917,22.43],[87.913,22.429],[87.91,22.43],[87.91,22.433],[87.912,22.432]]],[[[88.859,22.469],[88.858,22.461],[88.856,22.46],[88.857,22.464],[88.856,22.469],[88.857,22.473],[88.859,22.469]]],[[[88.781,22.501],[88.835,22.434],[88.804,22.444],[88.781,22.501]]],[[[88.898,22.549],[88.892,22.465],[88.922,22.401],[88.898,22.367],[88.856,22.423],[88.868,22.488],[88.844,22.507],[88.898,22.549]]],[[[88.934,22.564],[88.936,22.561],[88.932,22.562],[88.934,22.558],[88.932,22.56],[88.93,22.563],[88.934,22.564],[88.934,22.564]]],[[[88.92,22.565],[88.96,22.549],[88.999,22.43],[88.964,22.409],[88.958,22.365],[88.939,22.419],[88.942,22.31],[88.896,22.38],[88.93,22.39],[88.895,22.466],[88.914,22.511],[88.895,22.56],[88.92,22.565]]],[[[88.936,22.622],[88.937,22.619],[88.935,22.62],[88.935,22.621],[88.935,22.621],[88.936,22.622],[88.936,22.622]]],[[[88.676,24.316],[88.675,24.315],[88.675,24.315],[88.676,24.316],[88.676,24.316]]],[[[88.127,27.123],[88.304,27.129],[88.324,27.105],[88.432,27.082],[88.53,27.15],[88.521,27.178],[88.591,27.194],[88.656,27.162],[88.691,27.179],[88.725,27.139],[88.8,27.137],[88.87,27.109],[88.875,26.952],[88.919,26.996],[88.954,26.968],[88.94,26.942],[88.962,26.924],[89.025,26.94],[89.046,26.904],[89.09,26.894],[89.131,26.808],[89.256,26.817],[89.377,26.866],[89.391,26.841],[89.449,26.834],[89.459,26.806],[89.559,26.816],[89.645,26.781],[89.655,26.764],[89.613,26.728],[89.632,26.719],[89.674,26.74],[89.726,26.722],[89.757,26.736],[89.774,26.7],[89.857,26.704],[89.876,26.649],[89.857,26.632],[89.877,26.613],[89.854,26.517],[89.869,26.448],[89.827,26.396],[89.857,26.384],[89.826,26.379],[89.82,26.35],[89.82,26.371],[89.782,26.353],[89.751,26.321],[89.759,26.289],[89.716,26.302],[89.737,26.271],[89.705,26.27],[89.729,26.238],[89.697,26.217],[89.732,26.212],[89.695,26.189],[89.734,26.173],[89.687,26.159],[89.705,26.172],[89.676,26.201],[89.689,26.228],[89.638,26.228],[89.653,26.19],[89.63,26.186],[89.661,26.176],[89.595,26.157],[89.608,26.117],[89.633,26.119],[89.597,26.101],[89.633,26.107],[89.652,26.062],[89.608,26.064],[89.581,26.024],[89.591,25.976],[89.554,25.965],[89.552,26.001],[89.467,25.998],[89.434,26.012],[89.43,26.046],[89.398,26.007],[89.352,26.011],[89.262,26.064],[89.272,26.092],[89.23,26.123],[89.167,26.134],[89.141,26.18],[89.147,26.235],[89.108,26.282],[89.113,26.317],[89.131,26.288],[89.144,26.321],[89.091,26.322],[89.107,26.339],[89.094,26.399],[89.041,26.398],[88.964,26.463],[88.951,26.429],[88.911,26.412],[88.92,26.37],[88.964,26.366],[88.964,26.333],[88.991,26.352],[89.008,26.329],[88.992,26.305],[89.065,26.294],[89.07,26.255],[88.97,26.242],[88.935,26.288],[88.888,26.292],[88.868,26.277],[88.885,26.239],[88.847,26.234],[88.819,26.26],[88.822,26.301],[88.762,26.301],[88.749,26.353],[88.704,26.334],[88.682,26.38],[88.703,26.388],[88.625,26.435],[88.621,26.471],[88.595,26.472],[88.597,26.449],[88.557,26.457],[88.561,26.489],[88.527,26.482],[88.486,26.541],[88.435,26.547],[88.415,26.634],[88.378,26.594],[88.334,26.479],[88.356,26.446],[88.368,26.487],[88.483,26.461],[88.525,26.36],[88.487,26.349],[88.458,26.374],[88.438,26.337],[88.407,26.33],[88.416,26.316],[88.352,26.282],[88.353,26.22],[88.18,26.146],[88.161,26.078],[88.186,26.069],[88.187,26.024],[88.144,26.012],[88.087,25.913],[88.108,25.89],[88.117,25.797],[88.152,25.774],[88.27,25.808],[88.272,25.78],[88.379,25.713],[88.407,25.669],[88.457,25.66],[88.446,25.597],[88.5,25.581],[88.543,25.507],[88.609,25.513],[88.65,25.477],[88.699,25.47],[88.711,25.497],[88.769,25.492],[88.763,25.521],[88.81,25.52],[88.839,25.47],[88.817,25.408],[88.845,25.392],[88.844,25.362],[88.926,25.304],[89.011,25.292],[88.957,25.259],[88.959,25.22],[88.935,25.218],[88.947,25.184],[88.923,25.167],[88.845,25.211],[88.804,25.172],[88.709,25.21],[88.617,25.206],[88.566,25.178],[88.5,25.212],[88.446,25.196],[88.463,25.142],[88.437,25.05],[88.454,25.036],[88.397,24.969],[88.401,24.946],[88.342,24.939],[88.326,24.911],[88.348,24.892],[88.325,24.866],[88.277,24.896],[88.264,24.875],[88.264,24.918],[88.228,24.959],[88.14,24.936],[88.176,24.861],[88.148,24.85],[88.136,24.805],[88.122,24.822],[88.106,24.779],[88.071,24.769],[88.065,24.721],[88.011,24.667],[88.148,24.506],[88.333,24.383],[88.448,24.377],[88.529,24.344],[88.555,24.296],[88.586,24.326],[88.703,24.311],[88.735,24.275],[88.732,24.197],[88.7,24.166],[88.695,24.113],[88.738,24.059],[88.727,23.995],[88.759,24.008],[88.771,23.985],[88.735,23.978],[88.732,23.913],[88.702,23.913],[88.659,23.868],[88.576,23.86],[88.602,23.817],[88.559,23.784],[88.579,23.765],[88.562,23.642],[88.592,23.637],[88.581,23.601],[88.645,23.608],[88.659,23.553],[88.743,23.481],[88.799,23.495],[88.791,23.441],[88.765,23.443],[88.757,23.419],[88.762,23.362],[88.734,23.346],[88.746,23.31],[88.697,23.296],[88.72,23.253],[88.797,23.216],[88.818,23.251],[88.853,23.225],[88.913,23.23],[88.919,23.208],[88.995,23.212],[88.87,23.095],[88.873,23.004],[88.847,23.002],[88.868,22.99],[88.861,22.955],[88.895,22.951],[88.914,22.919],[88.909,22.877],[88.946,22.877],[88.968,22.843],[88.958,22.794],[88.919,22.762],[88.959,22.691],[88.947,22.66],[88.932,22.646],[88.905,22.679],[88.865,22.665],[88.848,22.709],[88.81,22.711],[88.809,22.751],[88.839,22.735],[88.847,22.752],[88.84,22.736],[88.809,22.753],[88.806,22.733],[88.809,22.709],[88.861,22.694],[88.864,22.664],[88.91,22.675],[88.933,22.619],[88.958,22.611],[88.938,22.57],[88.869,22.546],[88.843,22.508],[88.865,22.488],[88.852,22.433],[88.825,22.436],[88.772,22.513],[88.766,22.561],[88.769,22.514],[88.691,22.524],[88.677,22.593],[88.689,22.524],[88.778,22.507],[88.803,22.443],[88.848,22.431],[88.846,22.388],[88.876,22.355],[88.819,22.364],[88.804,22.283],[88.734,22.196],[88.635,22.216],[88.685,22.294],[88.691,22.327],[88.666,22.339],[88.679,22.294],[88.631,22.222],[88.672,22.201],[88.619,22.109],[88.573,22.189],[88.603,22.159],[88.637,22.045],[88.603,22.024],[88.597,22.067],[88.607,21.913],[88.578,21.889],[88.586,21.928],[88.573,21.907],[88.55,21.921],[88.544,21.97],[88.568,21.959],[88.546,21.973],[88.571,21.904],[88.541,21.904],[88.528,21.853],[88.494,21.879],[88.526,21.929],[88.494,21.967],[88.543,21.982],[88.555,22.036],[88.541,21.982],[88.492,21.967],[88.521,21.915],[88.474,21.895],[88.453,21.94],[88.47,21.959],[88.446,21.966],[88.461,22.012],[88.442,21.991],[88.469,21.958],[88.458,21.919],[88.409,21.885],[88.385,21.899],[88.408,21.919],[88.374,21.965],[88.394,21.971],[88.376,21.97],[88.406,21.92],[88.383,21.901],[88.391,21.799],[88.364,21.798],[88.355,21.823],[88.356,21.924],[88.353,21.857],[88.309,21.856],[88.31,21.878],[88.262,21.859],[88.266,21.884],[88.259,21.859],[88.314,21.847],[88.259,21.808],[88.282,21.761],[88.252,21.802],[88.283,21.758],[88.272,21.73],[88.273,21.756],[88.217,21.764],[88.163,21.879],[88.177,21.926],[88.154,21.959],[88.224,22.075],[88.203,22.167],[88.166,22.199],[88.07,22.212],[88.105,22.305],[88.049,22.22],[87.985,22.246],[87.959,22.285],[87.946,22.406],[87.884,22.442],[87.942,22.366],[87.94,22.26],[88.009,22.201],[88.136,22.185],[88.189,22.099],[88.062,22.013],[87.992,22.103],[87.963,22.103],[88.053,22.01],[87.929,21.801],[87.89,21.794],[87.79,21.695],[87.482,21.609],[87.444,21.761],[87.37,21.76],[87.262,21.814],[87.235,21.954],[87.167,21.973],[87.158,21.931],[87.094,21.908],[87.095,21.86],[87.03,21.865],[86.998,21.908],[87.034,21.989],[87.018,22.041],[86.957,22.083],[86.832,22.095],[86.79,22.154],[86.715,22.143],[86.723,22.215],[86.767,22.211],[86.78,22.232],[86.776,22.214],[86.8,22.214],[86.79,22.263],[86.8,22.241],[86.812,22.264],[86.886,22.252],[86.886,22.294],[86.829,22.325],[86.844,22.396],[86.762,22.425],[86.745,22.476],[86.789,22.475],[86.799,22.499],[86.76,22.572],[86.652,22.576],[86.618,22.673],[86.539,22.721],[86.507,22.702],[86.416,22.777],[86.463,22.897],[86.433,22.923],[86.47,22.949],[86.518,22.944],[86.54,22.987],[86.512,22.966],[86.497,22.99],[86.416,22.995],[86.393,22.974],[86.298,23.013],[86.206,22.994],[86.15,23.041],[86.137,23.083],[86.048,23.109],[86.037,23.144],[85.915,23.13],[85.858,23.194],[85.832,23.193],[85.826,23.263],[85.878,23.324],[85.866,23.365],[85.896,23.371],[85.863,23.41],[85.866,23.47],[85.944,23.455],[86.047,23.494],[86.011,23.552],[86.037,23.583],[86.145,23.568],[86.146,23.473],[86.239,23.47],[86.225,23.436],[86.243,23.42],[86.278,23.441],[86.3,23.42],[86.3,23.444],[86.372,23.483],[86.358,23.543],[86.44,23.63],[86.529,23.629],[86.592,23.671],[86.694,23.695],[86.792,23.687],[86.82,23.761],[86.793,23.831],[86.821,23.811],[86.871,23.844],[86.882,23.814],[86.875,23.862],[86.895,23.88],[86.936,23.845],[86.967,23.865],[87.124,23.795],[87.166,23.82],[87.131,23.867],[87.196,23.854],[87.189,23.841],[87.236,23.853],[87.219,23.831],[87.243,23.826],[87.248,23.907],[87.27,23.873],[87.295,23.899],[87.292,23.956],[87.262,23.966],[87.238,24.041],[87.332,24.031],[87.328,23.996],[87.357,24.009],[87.458,23.981],[87.434,24.008],[87.511,24.04],[87.491,24.052],[87.494,24.115],[87.576,24.085],[87.569,24.107],[87.608,24.129],[87.569,24.156],[87.692,24.154],[87.693,24.186],[87.638,24.212],[87.636,24.243],[87.681,24.246],[87.71,24.292],[87.756,24.304],[87.81,24.407],[87.785,24.415],[87.823,24.494],[87.807,24.511],[87.795,24.491],[87.806,24.545],[87.769,24.582],[87.848,24.551],[87.91,24.594],[87.873,24.611],[87.902,24.613],[87.885,24.627],[87.913,24.659],[87.887,24.674],[87.901,24.722],[87.818,24.766],[87.838,24.788],[87.835,24.763],[87.855,24.764],[87.877,24.794],[87.868,24.823],[87.898,24.825],[87.889,24.853],[87.973,24.896],[87.877,25.028],[87.773,25.099],[87.788,25.22],[87.837,25.199],[87.823,25.234],[87.857,25.278],[87.784,25.332],[87.789,25.372],[87.76,25.41],[87.787,25.449],[87.809,25.434],[87.863,25.465],[87.879,25.516],[87.899,25.504],[87.924,25.536],[87.986,25.525],[87.987,25.503],[88.028,25.486],[88.07,25.481],[88.073,25.504],[88.021,25.587],[88.054,25.633],[88.036,25.637],[88.049,25.691],[87.961,25.725],[87.932,25.771],[87.898,25.77],[87.911,25.815],[87.883,25.829],[87.911,25.852],[87.823,25.871],[87.804,25.921],[87.83,25.935],[87.842,26.044],[87.913,26.091],[87.931,26.069],[87.968,26.081],[87.964,26.152],[88.013,26.141],[88.037,26.178],[88.07,26.176],[88.292,26.354],[88.268,26.381],[88.238,26.375],[88.23,26.394],[88.268,26.422],[88.229,26.447],[88.226,26.476],[88.179,26.491],[88.231,26.552],[88.145,26.511],[88.105,26.536],[88.163,26.636],[88.19,26.771],[88.176,26.865],[88.123,26.95],[88.137,26.985],[88.08,27.035],[88.04,27.036],[87.994,27.105],[88.017,27.219],[88.075,27.201],[88.086,27.142],[88.127,27.123]]]]}}]}